,trend,3a,3b,1a,2a,4a,4b,5a,5b
trend,1.0,-0.027552664218811383,-0.10221703571692757,0.8768262557473763,-0.05850445944465084,0.25834873860579616,0.22684708918302263,0.01384316171997844,-0.028131981151106402
3a,-0.027552664218811383,1.0,0.6172385845611924,-0.0885031133756252,0.030097216102180704,-0.06835668099740068,-0.11459652365050625,0.04317618355268522,-0.017408949733545273
3b,-0.10221703571692757,0.6172385845611924,1.0,-0.12357415131328395,0.087918366263811,-0.07522150662980936,-0.03280906823491901,0.05413549711729506,-0.07458770333094929
1a,0.8768262557473763,-0.0885031133756252,-0.12357415131328395,1.0,-0.09693404726457851,0.19922945633399544,0.2074034203146086,0.02580726267752621,-0.05142157934915129
2a,-0.05850445944465084,0.030097216102180704,0.087918366263811,-0.09693404726457851,1.0,0.002824696316538469,-0.09252649920997545,0.22136825161674345,0.5232701955440352
4a,0.25834873860579616,-0.06835668099740068,-0.07522150662980936,0.19922945633399544,0.002824696316538469,1.0,0.10833595609272599,-0.09602086488437185,0.016670574320392463
4b,0.22684708918302263,-0.11459652365050625,-0.03280906823491901,0.2074034203146086,-0.09252649920997545,0.10833595609272599,1.0,-0.013525159766251736,0.08027454268936253
5a,0.01384316171997844,0.04317618355268522,0.05413549711729506,0.02580726267752621,0.22136825161674345,-0.09602086488437185,-0.013525159766251736,1.0,0.22136768931939005
5b,-0.028131981151106402,-0.017408949733545273,-0.07458770333094929,-0.05142157934915129,0.5232701955440352,0.016670574320392463,0.08027454268936253,0.22136768931939005,1.0
