sim,n_trade_records,pf,avg_r,sharpe
0,873,0.8579574289610896,0.44041159557627113,-10.607635824399214
1,879,0.8175478526120006,0.42143141214163865,-14.176332898684706
2,863,0.6889671900037371,0.3259049175478322,-26.60462557205572
3,878,0.8524210075054853,0.4360493582596635,-10.887929079146112
4,888,0.8646133864855116,0.4516009481489178,-9.667791631279218
5,865,0.7111401576393822,0.3450934120905931,-24.38798758898945
6,874,0.703089825879272,0.33996575943877844,-25.23678549174404
7,863,0.7000374847761868,0.32441743226666214,-24.373342055250987
8,857,0.6914568203072298,0.30266061635505076,-18.844443439644852
9,853,0.6655956737807736,0.2958286406827049,-33.38687081204349
10,889,0.8371108517851988,0.4465283275351957,-11.765531392085542
11,862,0.6894965025656292,0.31822184785767466,-27.161410428227892
12,880,0.7708713174253665,0.3918393276533295,-17.98682491361269
13,871,0.7137055317337834,0.3414973986415082,-22.63090328448793
14,880,0.8310103878041951,0.42240857965891154,-12.72563885120493
15,892,0.7903862300046305,0.4093871992475185,-15.132616392962753
16,885,0.8463850952409147,0.4372449742239232,-11.092468551945467
17,866,0.7349552691059195,0.3439370320049797,-16.471162787285706
18,873,0.7983951124130011,0.40316129176451476,-13.819126143527445
19,885,0.7988851001734042,0.41003974651030506,-15.91764870692728
20,874,0.6852953476359571,0.34650032739046155,-25.371292186904114
21,905,0.9631538566505289,0.5211641371150006,-2.159983841443448
22,856,0.6626290033236475,0.3201201753537991,-32.21313094294381
23,863,0.5609945633288217,0.25187941345985393,-40.11783438451598
24,860,0.6733818988099626,0.30746685149181874,-23.494130423168293
25,874,0.7648006646276214,0.37823039061289887,-16.23892512392679
26,893,0.8573120151479432,0.45927922360284457,-10.561203436277822
27,873,0.7557681165791699,0.3797408975725256,-18.282124061442726
28,885,0.9110971668731981,0.49005140392285934,-6.325112425522215
29,887,0.8639254663182958,0.45540002782610367,-9.171187053720036
30,909,0.9833179994825222,0.5350268400923405,-0.6100286338985959
31,875,0.8244155930258269,0.40800357376500573,-13.136963604517943
32,866,0.7268375264701056,0.35354923605946686,-21.046342741427573
33,881,0.8833488810063665,0.46308130516137674,-7.697837807483851
34,878,0.7917913375239043,0.395657714053161,-15.409246680575238
35,869,0.7798267200904002,0.3883429085263338,-17.975028734145425
36,881,0.7397514710358499,0.3677059430455013,-19.8784471207844
37,860,0.776578920834159,0.373831224100186,-15.21188977855209
38,879,0.7913254091812094,0.39846000494429273,-16.52234904868962
39,880,0.7296340789666774,0.3749607565271702,-21.49649219374883
40,871,0.717102940550437,0.34734236891674847,-23.8800172246447
41,870,0.7751644469861754,0.3960883785423325,-16.590198613093833
42,878,0.796870949932734,0.4081683998603732,-13.820798875977406
43,864,0.6816571643540501,0.31191855706757016,-26.54835064594104
44,884,0.8033510697464735,0.4100981418070918,-16.347720353719225
45,865,0.7599606859085584,0.35926016834376445,-19.335857337239396
46,891,0.8887032458891928,0.4753946005580473,-7.620582031697338
47,878,0.8044599242937003,0.40987619744326836,-17.158513020227502
48,893,0.915345546633543,0.4883598329750832,-5.730779073435114
49,888,0.8767773857431025,0.45983358916205064,-9.271045821004119
50,865,0.6802592208878635,0.3272559271666765,-27.928508065589376
51,884,0.819040079290688,0.42597956100936407,-13.621937962173098
52,900,1.0225322429866348,0.5493487133466085,2.071868890662684
53,868,0.8273836605936736,0.4111781770066793,-10.882839358625926
54,878,0.9092107938638678,0.4795858970660683,-6.176587764005762
55,876,0.7770478497205537,0.3891696572402889,-18.73773242264506
56,851,0.69004182577337,0.3075741579732918,-23.489548541120715
57,874,0.8136349762059791,0.4204944764408554,-13.861283197473401
58,865,0.7740321605449086,0.3662492942176656,-16.562979142706233
59,873,0.8291277054464192,0.42256556158746633,-13.825075340622314
60,875,0.7305788440869979,0.36077579472244836,-23.11315000894994
61,867,0.709004213505388,0.33205362629738777,-25.265898148903286
62,886,0.8646391841250607,0.45904232084002944,-9.70307354733694
63,866,0.7580038153554306,0.36163645829529484,-18.227113011684384
64,874,0.752547641968562,0.38423264974229004,-19.324888190915306
65,871,0.7316601170190955,0.380147858571059,-21.127833304495493
66,876,0.7811362438987395,0.40414774539284515,-17.802903543587043
67,873,0.7491358320041819,0.37463119516022597,-20.241416861571725
68,878,0.8187529929828702,0.424897647196142,-13.63047371397035
69,878,0.7563699109677526,0.3794934399225814,-19.3801450446099
70,898,0.8854550527365732,0.46525106770862595,-8.101925967213939
71,845,0.5727587332319397,0.21450142707519135,-34.682641784209785
72,883,0.8100500678621261,0.4146490356337411,-15.092799081978779
73,856,0.705953710226116,0.3220122753105408,-23.801129002008057
74,872,0.7020558030361034,0.35408865986382343,-26.704558810336245
75,886,0.8575165710260256,0.4395834980612049,-8.73132368442122
76,887,0.9075819805504012,0.4821962710843689,-6.228832108586561
77,867,0.7426869848327056,0.35329557519558097,-21.180004038527976
78,875,0.8058588366145645,0.3977770358549137,-11.820607594913426
79,875,0.8154093727670337,0.41534631854381554,-14.15669730098483
80,869,0.753077675570723,0.36933724037077853,-20.604097193556385
81,875,0.8186755480073958,0.4136428457125084,-13.652969687658668
82,880,0.8202718472579029,0.4175973712851319,-12.542305452712048
83,856,0.6554744394881653,0.29169797671593,-28.276321643952258
84,872,0.7848443656071612,0.3844558414182207,-18.37147439035113
85,861,0.7608744113116434,0.36705066720865803,-18.624851222987676
86,883,0.8424373520635514,0.4342524822915826,-10.637651309330035
87,882,0.7881404950694085,0.4046914810683328,-14.67488715384541
88,874,0.8032603548444313,0.39768884513614317,-16.674217171750428
89,879,0.8794789113600991,0.4558877967679326,-7.723373817545025
90,877,0.7219568772771178,0.3675866333002374,-22.98941850486527
91,878,0.8276969171529833,0.41760980224982186,-11.149254179289342
92,887,0.7361098479062398,0.3749642235035531,-23.64409849413805
93,873,0.7862829498349552,0.4052637952668534,-16.518552989905373
94,883,0.7874503363031304,0.4123939960695064,-17.801412059563308
95,898,0.9004707347975517,0.48221352843836773,-5.906196041043164
96,864,0.6718453122514172,0.31320194111211186,-27.604469423231837
97,897,0.7799541613806703,0.4044831635919902,-18.11645130175026
98,856,0.7174521298167027,0.3404498447485857,-25.3548792154974
99,893,0.8450763339079017,0.45388031568817616,-12.573075718835181
100,866,0.7527028504824006,0.3639725277673435,-18.365632640684222
101,880,0.9152005267224713,0.4815284766710057,-5.5127467234217855
102,901,0.8887729426424926,0.4721607907089677,-7.461344075754726
103,862,0.6212574864938443,0.28081683720363215,-32.99609582384555
104,866,0.806768357321785,0.39430186914900506,-15.103664277098252
105,887,0.8672009487083432,0.4504156156215467,-9.3139752555813
106,868,0.7993036891194455,0.4000524433422283,-13.202052540901358
107,878,0.8626084236162022,0.44008755057320886,-9.811060994670934
108,872,0.6797768299561209,0.3265551767437858,-29.71215832170953
109,869,0.754284584568892,0.37288072683646944,-17.550722518632885
110,867,0.7541018983263585,0.3581570055807493,-17.413407924442545
111,871,0.8405092610567416,0.42782014975113797,-11.908747314948346
112,874,0.7878418232945327,0.3971768858189345,-17.5129382646466
113,872,0.67783783198075,0.3284012621473491,-25.495353957007687
114,866,0.6879595798873556,0.3209794686272037,-27.215750052660308
115,875,0.6966431977982079,0.3531744850110153,-24.67808342798306
116,869,0.7430428591270696,0.37644296342190453,-20.726767327950437
117,877,0.720656876899772,0.35544989449570175,-22.033573502578207
118,866,0.7063696246913703,0.3433817795640203,-25.326475189689145
119,889,0.8488952961469975,0.44814075791844493,-11.861061203340427
120,867,0.6927054720685969,0.317728107730539,-26.755465280005485
121,901,0.9633763711260261,0.5208670631485354,-2.101482032529487
122,867,0.6541636105392775,0.3091550202787818,-27.920583036505267
123,870,0.7447344008826791,0.3609915555261796,-21.914317112140868
124,882,0.8138476560904251,0.41341407114520307,-13.534662627104117
125,869,0.7075587278525497,0.33932925332939046,-22.005928119429292
126,868,0.798095846033684,0.374482025751519,-14.957499093414798
127,863,0.7109398123144313,0.33193486509813475,-19.447544849058076
128,873,0.7022572157347433,0.3412828769208364,-23.47909174995526
129,877,0.7152217704656796,0.3493958455796913,-23.83407030043685
130,871,0.7706924580424138,0.3839054205826168,-16.767829585253722
131,903,0.9027972189396316,0.493384515017752,-6.308127861243021
132,879,0.7454467090922658,0.3704837084847688,-19.43402973243062
133,884,0.8927974715632505,0.472666238464754,-7.181622879610778
134,880,0.8548156551890447,0.4489049051629697,-11.863303601635074
135,874,0.7833760175989994,0.3907389022407646,-17.682333307475567
136,867,0.7316772034207405,0.3560556789519175,-17.743569130327806
137,892,0.9403483915779537,0.5063908901499482,-3.554633920787348
138,863,0.6960758995719769,0.32689250788704993,-26.448304101083217
139,892,0.8478699189086075,0.44941231846238716,-11.596645905807298
140,868,0.6987704863428785,0.3352492208747276,-21.192798435252186
141,862,0.7619212270828368,0.37374765213229305,-19.174320588100564
142,864,0.7325104738914239,0.35217623772869716,-19.166293365407313
143,865,0.710184269004598,0.3289728098965391,-23.557962748852095
144,881,0.7387991292516313,0.37069860934919974,-20.723741981055014
145,865,0.7272716768753089,0.35560285804528047,-20.477933540929303
146,881,0.779401122346394,0.398007851731011,-15.388148809416904
147,867,0.7389392127826562,0.3492158537631601,-17.73007955195115
148,876,0.8175615184456453,0.4201047146980938,-13.359454656011513
149,880,0.7900251362136604,0.4011445577596993,-16.76024876987418
150,897,0.9665901259433686,0.520265644845487,-1.9346094221505488
151,870,0.7078024021278742,0.3409240391077441,-20.530867848142773
152,887,0.8038314640963944,0.41515191508273397,-14.387673428594786
153,855,0.6294527564534595,0.27355507190072226,-33.580736192616925
154,890,0.8461177664985284,0.44235984848973436,-11.591604795567033
155,900,0.9356747514744755,0.5033359499692087,-4.164677565465478
156,869,0.7053478953832147,0.32928764512520653,-25.128667188778326
157,878,0.7437147647334444,0.3690746794667269,-20.510708909792644
158,890,0.8142939478319134,0.4161740591879706,-14.39112898283765
159,891,0.8319309079059412,0.42832793307087913,-11.978453642980547
160,873,0.7621470892775801,0.37117581125434596,-17.038822677249843
161,853,0.7446034916256496,0.342605896668156,-20.763778601281317
162,873,0.7183481599625658,0.35282137036748473,-24.622319398448738
163,871,0.8354147982258044,0.42284854503149266,-12.361146998180997
164,881,0.8349968535664438,0.43277367766024866,-10.691223624284085
165,860,0.6509698375825145,0.2800010601430696,-30.186386284484637
166,871,0.7702917079175956,0.3869934655460395,-14.783805249930266
167,881,0.7905699362172173,0.4068036556334923,-16.73874509463764
168,867,0.6818058356258286,0.31601102699922157,-23.66146027324875
169,868,0.7535875667943807,0.36962351072958877,-17.051585274792657
170,884,0.7908956012808721,0.4004796638722544,-15.200246190841241
171,880,0.7904051006961227,0.4150903274224283,-15.66718516682275
172,886,0.7659475359449224,0.39506551596095674,-20.56145243562139
173,866,0.7001164423821947,0.3285096172018936,-22.921370916609824
174,877,0.8751831419697504,0.44523503580839763,-8.980757663816433
175,862,0.6949138680785863,0.31978634969846803,-23.3292385047598
176,870,0.6898984977995044,0.3390848480691076,-25.165686831441853
177,859,0.642831877650617,0.2919303105099515,-32.59427993064883
178,870,0.6633183999940251,0.3311288685847325,-29.22516087377624
179,867,0.7764451037698324,0.37675143534712563,-15.134302987129985
180,861,0.7447466833272047,0.34260982084299213,-20.804623544758723
181,859,0.7718455620876619,0.35478655792948083,-15.606654496069318
182,878,0.7406807425997118,0.36349668701759963,-21.706981796346987
183,885,0.9019600971531764,0.4771915733133566,-6.28476871461614
184,874,0.7980583116239908,0.4023524796906301,-15.102959458824413
185,865,0.7600735889793399,0.3565991293605623,-20.555831498196834
186,872,0.7451562122694839,0.3638898047555029,-18.890777177366314
187,856,0.6964917036737847,0.30996984715318815,-24.56019957991709
188,868,0.7511489304240941,0.3460668612760784,-20.131953208423607
189,891,0.8077940605572933,0.4248274021936682,-13.94926428177209
190,863,0.761765559895478,0.36922304285465646,-19.057651246117143
191,878,0.8584833748869277,0.4347801652085197,-8.602218147297695
192,872,0.7417968076287075,0.37342148608864295,-19.023051329718783
193,872,0.7981241598563563,0.4067597299423627,-15.10516652441685
194,876,0.7144365117274311,0.3409013560611518,-21.942775835729687
195,874,0.6970925784457994,0.3384319632310234,-22.293396426446268
196,883,0.886639843206834,0.4729995889607165,-7.754700939892496
197,877,0.8244065624282824,0.42958934864514386,-12.759915877749451
198,888,0.8694870460665566,0.4532662485802715,-7.7642653869217755
199,872,0.8234333308775386,0.4181257816597302,-12.1742515520473
200,858,0.7032234283626335,0.3220758064501612,-22.77933214437091
201,870,0.6946331558364639,0.3511341479938409,-25.491887156641948
202,871,0.7133298187717144,0.34036023323965253,-24.57457024895163
203,878,0.7747578801521585,0.3977583362269314,-16.673663910811598
204,871,0.7339492072819246,0.3628942906774779,-22.35123149988847
205,851,0.6426599067269423,0.27713234920024393,-33.623053467625866
206,883,0.825505135314407,0.4167976638648768,-11.413524566701849
207,896,0.8312210635303597,0.44252710552718394,-12.883555021110942
208,876,0.7989974703370009,0.4127684225030826,-14.875827660990868
209,875,0.7540963226980005,0.372429896341698,-20.377734841149042
210,870,0.7537529563153215,0.37603291053641585,-21.303122876259224
211,867,0.7935008977577078,0.39341353482202057,-15.708317031596689
212,880,0.7979699971030342,0.4112985812426389,-15.124872904873524
213,876,0.8275095165565951,0.42460613716435297,-12.802900181457485
214,858,0.7212158416929878,0.3388865326655215,-20.686062384061945
215,883,0.787634817766503,0.401698828740087,-15.18067194972436
216,894,0.893974211436266,0.4690045427450976,-7.356546216221373
217,885,0.825245163614198,0.43000033180082303,-11.793839616160882
218,841,0.6127425866102223,0.24538797707200571,-35.363136237102545
219,882,0.8493489922536487,0.44114472849044234,-11.085648853372087
220,886,0.7656901907962103,0.3926069378931632,-16.53822735616342
221,870,0.7659662122156664,0.3821746707602951,-18.610359021100763
222,849,0.6731030863035382,0.29763476789367,-30.259244224339003
223,898,0.7919483719307362,0.41193288780197945,-17.701428708355223
224,868,0.752843370242179,0.36688422824615835,-19.24601841338081
225,868,0.6604560451673773,0.32003290537034873,-29.398592584677136
226,875,0.7538513178119265,0.3669447069601082,-20.06300215426305
227,887,0.9225397801787474,0.49033793380063795,-4.757944045281993
228,870,0.6959782022559274,0.32450894040206935,-24.22249769157698
229,890,0.8853531645383411,0.4586247235435076,-8.78158989308679
230,876,0.7738147096721463,0.4026902501441537,-15.415728434452609
231,881,0.7720874045687139,0.3872484076178995,-20.071981352719455
232,877,0.8637372673180067,0.4501210546155988,-8.997788912676967
233,880,0.7593542656895383,0.3713476624272506,-20.719716469052806
234,867,0.7109827909022944,0.34075115004653533,-22.14274750680412
235,871,0.7901903495178418,0.38090132764105056,-14.795185701758014
236,877,0.7602701634938192,0.3774693072099199,-16.870615898596373
237,880,0.8073325613419947,0.41248248580424535,-12.46913233335135
238,886,0.9463438711883844,0.5097946178039976,-3.5387304003426796
239,885,0.8712676777233294,0.46027201068824986,-9.432594607793828
240,860,0.6627745100009049,0.298862138346638,-28.27402971268099
241,875,0.7552193911208049,0.37551277660026655,-19.71368683669728
242,870,0.7254932969928637,0.3528347428325028,-19.481379403516858
243,878,0.8139238526085435,0.4156385610866088,-12.193002072368397
244,869,0.7183655161710504,0.34982739796143825,-22.275461723756226
245,886,0.9184688127900505,0.4794496061769432,-5.108166815688507
246,868,0.6603175495356913,0.30786823804284386,-28.707560635568587
247,889,0.8781905683667243,0.4631560333687312,-9.538352629547415
248,878,0.7527841630621175,0.3759296899937041,-16.210505373605542
249,881,0.8024618650292105,0.40722778846738267,-15.07326499037304
250,872,0.7900680602007818,0.38668422574132555,-15.844416500832297
251,869,0.7849910873513398,0.3940564634525925,-15.616839033020838
252,883,0.9194802037549109,0.4925038146599352,-5.244099990037089
253,867,0.7120643972250774,0.35281445639465225,-23.15934371753995
254,883,0.781934307918433,0.40075935273821833,-17.50864379814355
255,860,0.7142611374756574,0.3352928815796333,-26.208827911711122
256,872,0.763203421330486,0.37670867243561296,-20.787667180376513
257,875,0.752971335220117,0.3693006131515334,-19.60164123908581
258,868,0.7376070023865552,0.3611484735148675,-20.36512389054247
259,873,0.799971274139488,0.40243888692068264,-15.470207915424165
260,883,0.8230908591332281,0.42672491571564153,-12.132716261842539
261,856,0.6674267321398655,0.29804633977197154,-26.33813255815235
262,875,0.7470191033046678,0.36990397588846907,-18.596601370717476
263,863,0.7439706551939661,0.3624754102130969,-18.806012312577632
264,873,0.733650234789975,0.3701260323510594,-19.951185806771186
265,876,0.7575873022668803,0.3768802374751767,-19.012352153562432
266,870,0.789973708613181,0.37697017143323897,-17.590592642575213
267,870,0.7608585408391964,0.3877365634819106,-17.02740214407421
268,890,0.9102051063185148,0.4846382086278156,-6.526012986701995
269,866,0.7632884695846336,0.3725136808963572,-16.23978471803137
270,874,0.7684719007949284,0.36876601567361184,-15.914266935683344
271,877,0.7899897833191584,0.3953432496136548,-16.58954934939882
272,883,0.8105336942156879,0.41754865519292245,-12.561872024224167
273,873,0.7340788957970283,0.36933764142351044,-20.449126383691848
274,857,0.6596308266157909,0.2891721539975592,-30.05480248400143
275,876,0.780781420078878,0.39466895474375197,-17.552790110598092
276,881,0.9163459457210384,0.48583530771464234,-5.553303049463088
277,871,0.8029250267354988,0.38995370261922857,-15.886340042802937
278,876,0.8008546223401776,0.403331230520708,-12.466037210782542
279,877,0.7494064827615285,0.36793354254623717,-22.224967412927914
280,886,0.7810707517032403,0.3937257834442886,-15.1651253388459
281,863,0.7047243210695026,0.3543143129489868,-21.822303795803975
282,885,0.8361229169900547,0.4429721958097165,-11.009175258987105
283,882,0.800464278295019,0.4094700399623403,-15.077854145670639
284,869,0.7410319577938856,0.36945154148215104,-20.209318183934204
285,891,0.802384266308482,0.43080575753158573,-15.16628111855092
286,887,0.8773958132845507,0.4654619057599555,-9.510852900630054
287,879,0.8353824147018603,0.4377277038151782,-13.40866046342239
288,862,0.6349762153047325,0.30618158494687725,-32.50354940192185
289,873,0.8295817949859784,0.4178972043208397,-12.14360155027221
290,890,0.8339308582980477,0.4338842931346875,-12.071019051081773
291,872,0.8122480821851394,0.40810372540798634,-13.727393284215733
292,890,0.8517094907153242,0.44016566669575,-10.842483185248826
293,884,0.8373468961671007,0.42532980300785656,-10.69276876410807
294,882,0.7497733757560667,0.382005276783766,-21.169477014178195
295,873,0.7238028145288643,0.35636407340362547,-19.876836068449595
296,880,0.8119126844895536,0.41784207104379467,-13.419235849341062
297,882,0.8221494547429901,0.4251108624011332,-13.640630565427971
298,876,0.7918484231251046,0.4119939574795338,-16.383492872363604
299,867,0.7568291451048688,0.3753458564605758,-18.022488925840914
300,881,0.827641237437501,0.4261699917234126,-11.85567840077901
301,856,0.6448898885553063,0.28674571817868755,-28.21521879380019
302,857,0.6486621597848261,0.2945215446129177,-32.02103837730579
303,883,0.8791561380366336,0.4662231297026982,-8.020016834861986
304,869,0.7552098845383216,0.3759503422984636,-17.718568601960396
305,888,0.799029846891897,0.4092827082897314,-16.456397991460644
306,899,0.8734414169257598,0.46540675931947734,-9.41053914518164
307,842,0.6099785622737476,0.22764180884387766,-29.72116547739879
308,885,0.8172057289962955,0.4244396344758718,-14.749394173748094
309,883,0.8142652975263944,0.413877243621626,-11.761564286021049
310,887,0.907617066124199,0.4828937626321288,-6.115882184692346
311,882,0.8773004215649793,0.4594778064360202,-8.280206688511955
312,882,0.7792681295957399,0.39487592749844536,-15.788434609006348
313,878,0.7680845247967452,0.3907574123680844,-18.088021059167186
314,871,0.767902874039824,0.37359268226926085,-16.657512545722874
315,853,0.6236184644910888,0.252404445912106,-31.675600546435035
316,864,0.6700543112819979,0.3149329535137794,-26.153794907685853
317,857,0.6505518550925307,0.2820503777088561,-29.062726118205493
318,865,0.6651889758996924,0.30787676448007384,-27.109539147680874
319,889,0.8613200515516628,0.45610471844544337,-10.101591446964273
320,880,0.8540086002034369,0.438294184806433,-11.252952331004698
321,887,0.7976887336075962,0.4056717339856438,-17.008364217259913
322,866,0.8489979551342915,0.4363536303648813,-9.265190143714346
323,866,0.7633567709529914,0.37550247448441176,-17.322856449087393
324,872,0.7277533587679295,0.3525416927096408,-21.387855189640085
325,873,0.7028966540129067,0.35123281812575036,-25.25762497266405
326,879,0.738262182775715,0.3720809627039009,-20.927585692954064
327,899,0.8982138421694792,0.47768479599530345,-6.779956932228818
328,864,0.689695781425261,0.3249994574905184,-23.524271403500528
329,881,0.8312150843087182,0.43700689502843576,-10.693916302119076
330,874,0.7272262623838186,0.35026914762020117,-24.13532057979478
331,863,0.6833339688942208,0.32436067280736774,-25.839917674336295
332,878,0.8049667150539387,0.4184114520305849,-12.545331925714393
333,871,0.7649355856314146,0.37405410350614837,-19.18570396625217
334,876,0.8011135627975974,0.4082271050978047,-14.608362111067732
335,842,0.5748434163459226,0.22630699427101783,-41.44764784200302
336,868,0.7923002119632652,0.389357649333065,-15.544446798547858
337,882,0.7987632747014485,0.411344296160114,-16.093819703324026
338,899,0.9385132360366883,0.5061073347193175,-3.404973675719874
339,850,0.6278837645701613,0.2532897766947517,-30.476199116052733
340,866,0.7256825449408336,0.3581928317936949,-21.91317921386261
341,873,0.8596724569315406,0.4398353673129828,-9.884628978970445
342,874,0.757394188745192,0.3785426683771617,-19.008828724229325
343,877,0.802720319697371,0.4138508019588651,-14.777251928614165
344,897,0.8877706547002767,0.48113711251181274,-7.361396253878182
345,870,0.7841139449868955,0.3966002200946095,-15.808422236645912
346,863,0.7554753447325467,0.35982537041068136,-20.601215846241324
347,875,0.7829973677579354,0.39091590734253673,-15.250926430124071
348,872,0.7068634245702544,0.34871389044032536,-27.74720520885286
349,864,0.7408885848047732,0.36800235505180784,-19.560117535280188
350,878,0.7788277566107225,0.39147642168447544,-17.93102782526068
351,895,0.9225191768402571,0.4968560819640687,-4.891987664406325
352,863,0.7640691968085062,0.36067505721392334,-18.624649972322995
353,890,0.8558517800038573,0.44318844116618283,-8.849481554795961
354,886,0.7653471651906979,0.3922514651843919,-19.433361977456023
355,859,0.6740484480720678,0.3127442169085478,-26.791767533187826
356,896,0.8296092212464548,0.4381253707152469,-11.73313487296655
357,879,0.7951563479398769,0.4169878091792514,-13.885620505739404
358,865,0.7692933071585382,0.3792494883380607,-16.86344733092444
359,889,0.8299608690280134,0.430976725781067,-14.382739066853793
360,873,0.7848190155762403,0.4000408567549951,-15.10253430538473
361,878,0.8012155293418342,0.4010606570780682,-14.49269394083012
362,875,0.8025162026124999,0.40859883826989263,-13.655770540074014
363,858,0.7220820828663599,0.3174444075023479,-17.53389864161974
364,874,0.709925109697222,0.3482293889705198,-24.19692941721497
365,871,0.8656992484400151,0.4386672049493564,-9.412519442870991
366,883,0.8267415212156832,0.4186104708546336,-12.879425277680035
367,895,0.8181188120207811,0.4240346691106613,-13.123613837543584
368,874,0.7160620531850936,0.3732077145362673,-22.844923440663553
369,898,0.8926863311544513,0.47275023099469504,-6.990321397803149
370,858,0.604700353145515,0.2686420956311762,-38.8288624774355
371,877,0.8262059098542904,0.41247566082948517,-11.88699279748809
372,888,0.8452665695368144,0.44131050083258117,-10.602099934881906
373,887,0.8379561682231954,0.43081071020980116,-10.87006355702623
374,900,0.9677711553044782,0.5202866466821269,-1.4399232391384629
375,871,0.787048288063642,0.3936355240687545,-16.437731679286536
376,866,0.705327029088857,0.34398994701986263,-18.63878395520855
377,854,0.6295074004317941,0.27202736299843094,-31.6604669175469
378,879,0.806430862318187,0.41026448534734494,-14.575370049027779
379,877,0.7967983356991953,0.40794305942023,-15.90361986189504
380,877,0.7409364723733559,0.36854158076956334,-21.542816447728946
381,873,0.7556565337562979,0.3741111391618818,-18.466646538745096
382,862,0.706278607827435,0.31821892251789696,-22.421313169884048
383,887,0.8526407850719472,0.43785473006947007,-9.588110992083218
384,871,0.828933304776296,0.4151101667256475,-12.093459343544342
385,880,0.7603602885376026,0.38451325183910995,-19.53720695608531
386,850,0.6847174636364975,0.29172379044342506,-23.89027372234541
387,867,0.7249170374030057,0.32892503407998736,-23.131072080074254
388,882,0.8815188684691834,0.4600716171332758,-7.360196553207981
389,878,0.7361261429070322,0.3708216977314095,-22.408244503900367
390,875,0.6950696246865298,0.33110362121368236,-27.813210290887756
391,864,0.7403443340366154,0.366999630387834,-18.005852323193597
392,889,0.8564289145368618,0.4572321283210607,-10.139896485798953
393,863,0.7404897412597818,0.36877034934023456,-20.303387124813224
394,868,0.765357550193985,0.37629944051100983,-17.050033500651036
395,889,0.8996520544976313,0.480093142043059,-6.096025636616555
396,864,0.7078773440834266,0.34652819387056055,-22.771758543454
397,865,0.7518108503377313,0.3575571302745478,-19.972562406969637
398,884,0.8544647588179596,0.44681103228180014,-10.912409004479901
399,856,0.6986002325859002,0.3224295221963414,-25.888313819460187
400,875,0.7278498463253629,0.3636317628313266,-20.548396041697767
401,872,0.7369554215510014,0.3763993346151031,-21.65487128863884
402,874,0.7581383557901387,0.37699782546941696,-17.166746131553808
403,861,0.6530244118432846,0.28987683632482303,-32.39590547819622
404,863,0.7553629973710445,0.36667664429386937,-16.922074237388856
405,870,0.7574681268275619,0.36978179300418323,-19.51793665215578
406,873,0.8556532449914311,0.4413270717675628,-8.408748228576716
407,879,0.7429349972526254,0.38151933318827,-21.40877166740395
408,891,0.845828230591335,0.44265352068804154,-11.386446768141802
409,867,0.7248261905727768,0.34697729793730253,-21.7784012049415
410,879,0.8003668788405746,0.40546692646818944,-15.816910005716997
411,896,0.8062753124972422,0.4114714730266987,-14.146760322701038
412,873,0.7258998036731887,0.35013683182801486,-22.889441631068326
413,877,0.7581798900664983,0.377377050847214,-19.22090590032646
414,865,0.7733832232924766,0.37246184738233024,-16.4581686155356
415,880,0.8005030189406799,0.4121389416787046,-14.463711159852021
416,876,0.7969572545260039,0.40308707347913425,-17.035507648603076
417,876,0.7392994036924043,0.37167628528637553,-19.963471350641086
418,878,0.7275408546425556,0.368977045586505,-19.37658133437453
419,900,0.8835659617994235,0.47611135604609633,-7.144845687084658
420,892,0.854334775640097,0.45437027879566433,-11.57939875251426
421,881,0.8246809259091453,0.4204580612606258,-11.772189351112386
422,856,0.662860554953848,0.2848976225216626,-26.052340945448407
423,896,0.9364116277977184,0.502091490754446,-4.056864775561543
424,855,0.7820141769810753,0.39003180525123193,-16.165688564962114
425,894,0.8985178855230147,0.483263976563016,-6.1650006889237545
426,879,0.8878480175183864,0.46016322065022386,-8.069612007934195
427,847,0.5751365282393748,0.2308232123221425,-39.69897433499705
428,883,0.7949274354724474,0.4113132353533013,-15.617713861799517
429,866,0.6912796173444073,0.3194917030770956,-25.748843290035996
430,870,0.7646079572023113,0.3735127547376109,-15.358378639766373
431,875,0.7725200730221349,0.3778268357317748,-16.58256419009764
432,880,0.7630911540231341,0.3945154505955672,-19.55336616514431
433,901,0.9465044818694415,0.5051628955478997,-3.207794980891155
434,865,0.66903933142537,0.30471682189971133,-27.203277183237443
435,863,0.7609838400479916,0.3521180363001122,-17.962374122818826
436,867,0.6593278681562245,0.31830314021714556,-26.719936119722327
437,866,0.6769495746402119,0.3099706079838934,-24.475141148625813
438,890,0.8527749673328181,0.44162006199866816,-10.649383228941868
439,862,0.7512479081753434,0.3721876763092194,-19.233490799896117
440,871,0.7305095197289352,0.3613513413795569,-19.79418693764526
441,884,0.8228713788116977,0.4184576347010888,-14.71985175959892
442,855,0.6768691861178975,0.31373344410167725,-28.37046767312162
443,872,0.8735607931258599,0.4401373110056079,-6.855716391925204
444,863,0.6771341348112754,0.3064440150646238,-26.334863347692767
445,856,0.7314325338604403,0.32641387567705593,-17.69200162482002
446,880,0.8767514754991107,0.4644177097716308,-8.94609217818429
447,879,0.7283062573396749,0.36460199472980714,-23.88041643076825
448,896,0.7969425132169558,0.4077982465475007,-16.339273935863936
449,894,0.8762743207480808,0.4717545355434586,-7.806731956358967
450,879,0.7777687168943164,0.3961838367926045,-19.395410261821432
451,873,0.8028505092193718,0.4061643708077024,-16.697568062619364
452,862,0.6998063970030015,0.33004658140757465,-24.44269426598416
453,843,0.6515333844665067,0.2634863180802411,-29.84283643575973
454,889,0.7518969454854506,0.3832923010442276,-19.15781120091066
455,859,0.7191989565194521,0.3420263611007013,-23.873199848166042
456,866,0.7344973212748698,0.356741647795581,-21.87726985010019
457,877,0.7290840207856066,0.3569420387088125,-22.73640774217712
458,877,0.8087844290853003,0.4020408133464119,-11.587565844340416
459,887,0.7892435690700234,0.38881255474236215,-13.622582384712548
460,878,0.7964486311522178,0.41690886320539544,-15.165682298230273
461,877,0.8090172100410428,0.40897042063422234,-13.207843881554384
462,872,0.8139299087020321,0.4141047563436194,-14.692773662970316
463,866,0.6923537089759836,0.31508468187554695,-22.959381376886622
464,892,0.7858941891226218,0.4068427634249994,-16.157097831283934
465,893,0.8427093633514677,0.4492831824240154,-11.477094979363066
466,886,0.812529363145613,0.42908186207636256,-12.749543252176032
467,890,0.8536207205885908,0.4533751703063732,-9.950926047324298
468,876,0.7592847091298133,0.37943106079478556,-16.39112622885498
469,881,0.8251324679271137,0.42289186091569214,-13.442398275182912
470,869,0.7075458808333225,0.3379718225402621,-26.47944458758866
471,855,0.6133527419619279,0.26868896824839655,-33.92605242215443
472,872,0.8165793728601375,0.41426550150774205,-13.21066518774916
473,888,0.8117591422506198,0.4174444082817636,-14.708185995009314
474,848,0.675246094841475,0.2978774390242079,-25.51269971852195
475,885,0.8422509547182158,0.4259515726324473,-10.333182760052619
476,857,0.679804627723506,0.3199375525966087,-28.93066676217549
477,871,0.7013746382139822,0.35795169576617464,-23.898431394359516
478,884,0.8866512011453841,0.4672264043451318,-8.006537796126056
479,882,0.8830534290749613,0.4623051550415042,-7.766581989930859
480,874,0.7036882103733147,0.34033022872818564,-24.456461658482276
481,858,0.7798537196257158,0.370753012561162,-13.19928866208478
482,892,0.8294599054603924,0.4383861377321216,-11.380594727462354
483,887,0.7375452889153941,0.378933633314488,-20.11681537885325
484,880,0.813529784390352,0.4247647754556442,-15.923964287252613
485,884,0.7968353760859936,0.39821719123375154,-15.160728919959576
486,859,0.7508105014618677,0.3651323014025193,-15.632552210325914
487,871,0.7518683174827036,0.3792106616168332,-18.561358623073538
488,872,0.7156417104095695,0.34553080106444206,-25.338268220372242
489,888,0.7689821675034343,0.39936003786801755,-18.22929508303721
490,854,0.6735190727644207,0.30381648784370663,-27.3394997371358
491,890,0.817088201420511,0.4176718720213897,-15.400267252080974
492,860,0.7739572870200158,0.380586293387749,-15.684446014445735
493,894,0.8402650177655291,0.44210986054410123,-11.836575221871188
494,860,0.656386528196721,0.29575769534814195,-28.679795461196374
495,877,0.7033401816567953,0.3518789018780429,-23.330958599372007
496,860,0.6837045983399619,0.3012466945110955,-27.80252645906909
497,863,0.6765570416376138,0.31395295235719956,-26.569501351534747
498,879,0.7451399188506558,0.37374712784275566,-20.654219909808624
499,898,0.8536473982833752,0.4577281289453604,-11.325415659871577
500,847,0.7219554379946839,0.32765143647324807,-18.141674917356266
501,858,0.7361927434226395,0.3564851965679226,-21.38720876132934
502,872,0.7274000419146798,0.362397905371918,-21.11161065980345
503,873,0.6743769761374949,0.33378591805934893,-27.590403425719323
504,879,0.7781023608937088,0.39264459880778235,-14.869161211429143
505,881,0.8192640659457937,0.42290724290225556,-12.812736340833235
506,875,0.8002045715496559,0.40668977368927545,-14.627761703371597
507,891,0.8617791685178987,0.4523337514227865,-8.887305685428617
508,883,0.9489036219089855,0.5029986526212944,-2.4899287437767597
509,847,0.628722873080007,0.26447690681402286,-32.502165269795995
510,865,0.6945502462313589,0.32929027512684295,-23.86240092361518
511,866,0.7483693405392067,0.37810824353644934,-17.997999347233247
512,863,0.7204257103780335,0.3471691866980623,-22.155906180728426
513,874,0.7901299572075252,0.3983503731546217,-15.41452563632219
514,898,0.919393134362339,0.4889158260663374,-5.290037162217609
515,874,0.6914888767861314,0.3341317594586232,-25.65013384936064
516,866,0.6770891043028222,0.32694435075940165,-30.60807226828013
517,869,0.7071363414160721,0.3316492635066414,-23.785493126989582
518,876,0.8029584117515657,0.39898538193820204,-13.828196868724964
519,867,0.7681429423399156,0.3754351259066472,-15.85676691096325
520,874,0.7651030921695087,0.39101311620243834,-18.611839740439695
521,877,0.8909801812026107,0.4696681473999743,-6.905691780043855
522,868,0.838454038492488,0.4230485072752766,-11.518102003982241
523,875,0.7813019487360228,0.39452656245039464,-16.933000239200545
524,874,0.7343398643913451,0.3556401285503867,-21.06313432639011
525,864,0.6826555114923929,0.3249427553036173,-25.30162085870091
526,865,0.6688306147950309,0.30803073271183734,-29.056740485665486
527,867,0.81330378601769,0.3992294676083897,-14.224391787191815
528,870,0.7477911192717168,0.36689528615529904,-19.057911693746608
529,894,0.9221843630660217,0.49196388533024943,-5.148371559486758
530,870,0.8016155793326146,0.4049115116552156,-16.411632695430207
531,865,0.7902344188353968,0.3951779129010456,-14.308871338104609
532,857,0.7514740781331188,0.3565320518556791,-18.642972904353762
533,869,0.7150337471588348,0.3436544417319641,-21.14336535890928
534,860,0.6802383235494531,0.31643679514656103,-25.50982880355638
535,870,0.7541283927845616,0.36445108871505166,-18.683995318582227
536,863,0.729073719676937,0.3439999502453516,-16.27737345379169
537,872,0.8017556523482484,0.405470787913552,-14.54304514571098
538,891,0.7984290973152616,0.41111935930981747,-16.295312725091616
539,879,0.7614670370101391,0.37829805839509767,-17.97044418177035
540,878,0.7310861626472365,0.3564467692475502,-22.581936931689174
541,887,0.8633901676393476,0.44648676645803725,-10.21524842824368
542,869,0.7494124884890434,0.368354818762463,-18.86955354478905
543,879,0.8631358978633908,0.4511702294465203,-9.114759154611672
544,886,0.8644557678767865,0.4529009016971343,-8.845241390728685
545,864,0.7221031264679894,0.35588653208758564,-21.45379762650285
546,859,0.7827143033735354,0.3816287225442931,-17.740568497495964
547,869,0.925178446929489,0.4936187416725546,-4.3938203416421375
548,872,0.8091403669909768,0.4202142530199439,-14.858175998480089
549,878,0.8541414942783631,0.44984307603096785,-10.424061220387467
550,902,0.8903533897821745,0.4729365313173004,-7.725809550561577
551,869,0.6535333072777755,0.29094696842346046,-31.343651137793593
552,873,0.7513210673305483,0.3806476089078415,-18.316905576434124
553,874,0.7855267773598796,0.3917962694237223,-16.692937207597875
554,876,0.7004739756479508,0.3379054560484256,-25.276197094174872
555,863,0.7154060721722202,0.36061558575040087,-21.973221633350004
556,864,0.6753870614668912,0.32199088752400656,-31.026200852046863
557,869,0.761154171201819,0.3709822632606148,-18.94673795063114
558,874,0.8212531080926977,0.4133518343469849,-13.076801971579606
559,872,0.7633433521825892,0.38583475852249605,-17.583644731715733
560,883,0.8725091731795911,0.4684160790830468,-8.34585214067966
561,883,0.8039612355613335,0.4130838644585516,-15.167542665537738
562,881,0.8641367240391007,0.4478096755972986,-9.473657896482209
563,870,0.6723126058078053,0.3158925125223065,-29.556654971630444
564,863,0.819495782072977,0.42770881668384697,-11.837496440661488
565,888,0.7758573829638873,0.4122333901582812,-18.67184906829264
566,895,0.8887268337377598,0.47440516627081397,-7.213757372132859
567,867,0.7921770246730858,0.37504537229347884,-13.457006287239095
568,873,0.7998681545138088,0.4084342900814624,-15.497370534686914
569,866,0.7318100927503371,0.3634799749133785,-19.437890185261306
570,877,0.8351028252472166,0.4367816668749173,-11.381081654238093
571,879,0.7780618045377867,0.39930038660636835,-17.172103469800664
572,863,0.6668713448137389,0.31913669835582287,-28.33039645603937
573,866,0.68688980116128,0.33600058726123105,-26.704567169072995
574,875,0.7604321669231037,0.3813568385407466,-19.271154054216556
575,870,0.7557360218069551,0.35770652593232216,-22.301335688185628
576,877,0.782623817137359,0.38830486432526307,-16.056014809235418
577,890,0.90194921971085,0.4788416407876775,-6.006879370246399
578,892,0.8690960641916674,0.4563097390755793,-9.621031210754717
579,860,0.726360582895547,0.3374279775967153,-20.06872728229452
580,880,0.8517615675346866,0.4417278843628766,-10.592953596494077
581,866,0.7067194603995129,0.3366534888961283,-23.780447543786334
582,853,0.6508546649050547,0.2855666895452387,-26.451818305167112
583,859,0.7950162749290623,0.3948498446109657,-12.710529071032525
584,868,0.7459195346019822,0.3564877899283789,-17.293666258980714
585,859,0.6835021414922968,0.3140076506146238,-27.423348767625193
586,855,0.726981521863196,0.34862613743839516,-21.437323963713716
587,872,0.7481168605709723,0.36835046510736,-20.700838193553412
588,881,0.7732453600140405,0.4022680267031834,-20.18800071829834
589,861,0.7738196624181402,0.3850689296249751,-17.286387391857872
590,880,0.7841964249671725,0.4072784222908944,-18.117415621253155
591,886,0.736608850137072,0.3709580186605672,-23.521443217601536
592,872,0.7802047703657197,0.3926020139116613,-18.614996558059946
593,875,0.8030797590480935,0.41485571481185735,-15.798025625352897
594,857,0.6239550559766691,0.28577704372844065,-34.27817234591024
595,889,0.7562723017126588,0.3792729482565753,-17.241361562418525
596,868,0.7493118723823659,0.36178647193945984,-19.369514709284246
597,853,0.5960223615781214,0.24496630784611997,-35.14386520115806
598,874,0.7460872983867957,0.34803648084118033,-20.8895061742897
599,891,0.9329248060123577,0.4966582919415428,-4.24161742293781
600,875,0.8052240334701148,0.4090307870525483,-13.590301949034078
601,888,0.8698751610032125,0.45918122064329747,-8.190698187279175
602,852,0.6718176261449422,0.29898968663329806,-31.015885305348466
603,872,0.8427383040402032,0.42298042256216706,-11.379879784618696
604,881,0.8710980204267896,0.4567014293016673,-8.577796732078063
605,869,0.717332998460359,0.3535296120795468,-18.95670485025232
606,860,0.6960837796980245,0.3260648736507789,-24.844665539075425
607,877,0.8064667356781168,0.3925991520491932,-15.589447025482436
608,882,0.8052388062312307,0.4184535547826559,-15.617834997978738
609,882,0.8191776935545435,0.4178124823431619,-12.104268737584151
610,893,0.8923836342871451,0.4686425210479639,-8.530174825437912
611,880,0.6718209387671149,0.3449576768828644,-29.027717506636034
612,858,0.6617258893924991,0.2884146695866244,-27.553121940247177
613,857,0.6932146621521723,0.3247391055919733,-23.69213021791007
614,902,0.9147977479565985,0.4933255087088882,-4.776880841292793
615,876,0.7784542733001809,0.4017178488619337,-18.181543499594916
616,880,0.7862112290371399,0.40312659687482905,-17.5773734860616
617,892,0.8762294751507731,0.47344420585874436,-8.894890741261362
618,876,0.779851546191503,0.39174838774622095,-16.7261886741124
619,866,0.8156671821224419,0.40221525041757034,-14.247675748659653
620,883,0.840356708565633,0.4373474650544745,-10.394513975915567
621,879,0.7652806560681166,0.38652798869356886,-17.279265628934134
622,881,0.7770148584743356,0.37772714105653793,-19.786027996988498
623,888,0.8404627756179998,0.44820461062844513,-11.754170507345018
624,893,0.8432236406486439,0.44314882863710686,-11.567807298968848
625,887,0.780714974600758,0.4073043257355189,-17.472833294123983
626,876,0.728388798629886,0.3513138270719189,-24.298395694292054
627,868,0.7418017933281082,0.3600193391625474,-19.29453410086928
628,885,0.8174184272443643,0.42433371676124565,-13.440658122448408
629,865,0.7155785060663457,0.3383473163561119,-25.22558855833998
630,892,0.8776465405399569,0.4627909224389621,-9.244991802178811
631,845,0.6977850809153753,0.28114621543613194,-23.58138303029619
632,877,0.7875352069348359,0.40147857203554393,-17.446226836503378
633,878,0.7728642575929984,0.39922320444120324,-17.414569402545908
634,882,0.7122849798417767,0.3654655155905886,-24.44700642308225
635,874,0.8044439370252136,0.40693073333989754,-15.507709677858058
636,898,0.8561600344490429,0.4531993812038693,-10.584487197565856
637,877,0.7769950012457525,0.3936011391112169,-17.305523295100297
638,883,0.8446358193206283,0.43381270439337266,-10.267625143292353
639,871,0.7504522996661749,0.3753790900323461,-18.226363020877585
640,863,0.752843095652126,0.36068088578360924,-17.946706011876998
641,907,0.9835058586116388,0.5326743855911166,-0.6396234659937431
642,880,0.7905441744488383,0.4083788720628609,-14.357176407874912
643,874,0.7716757816128695,0.3705401252298569,-17.402316377974905
644,868,0.7063870986792395,0.33364028452146144,-25.437517121909583
645,854,0.7774667810191488,0.3699328930303215,-15.576646080392894
646,889,0.8422579931571114,0.4418549150584222,-11.798569237838043
647,865,0.7127475692960067,0.3361965863983547,-23.41719772707908
648,892,0.953351740895038,0.5054387180342857,-2.8519256397765127
649,860,0.6498715539580507,0.2984992280915649,-29.931467114053973
650,879,0.8137355526388685,0.419540630083396,-14.429088890921742
651,891,0.8272941077526784,0.4356644682543333,-12.498012620939193
652,866,0.7319377211274783,0.3545890829119678,-19.146049300533516
653,880,0.8048469924906584,0.40365497779047593,-14.556045415271182
654,872,0.7617532338630755,0.3649753034838582,-17.967201377683875
655,879,0.7929870891899498,0.39791425001717673,-15.457597339071008
656,886,0.8528070236810846,0.44424115510032874,-10.242598642968968
657,878,0.8167651116802908,0.41219033528317134,-12.7769173107293
658,866,0.7620394744888799,0.36629081735801255,-18.417497990303104
659,887,0.8279853882826935,0.4349930584332605,-13.156848796978936
660,894,0.848097210496033,0.43849393480968857,-10.962257570476995
661,865,0.7134270666147121,0.33341915807698863,-19.143072454928287
662,891,0.8310902711626302,0.4368901576885159,-11.461590990476047
663,868,0.7927632345377412,0.39430607888940555,-14.247504773793365
664,890,0.8765074459936778,0.46716638423658974,-8.650719732698407
665,882,0.8096489121217323,0.41570958524585566,-13.999371770062659
666,865,0.7077401334366137,0.33663400746222616,-23.388983743913826
667,875,0.7542577986143438,0.3834809792084921,-20.420547549005043
668,892,0.8756753092395722,0.4595694755484683,-8.845502680401006
669,893,0.9314831365708451,0.5007707232327171,-4.301101010763311
670,867,0.7194521716932303,0.34901838530239737,-24.487726660320025
671,853,0.6710429379987517,0.2897737060484546,-24.318080306609048
672,873,0.8199897238769329,0.42814629603217064,-12.84068499450231
673,880,0.7562005632682508,0.37726025061736523,-19.83427537380091
674,876,0.8721759932706168,0.4536093397830425,-8.25423723430959
675,876,0.7378286865379843,0.3782087006192691,-21.66062111534996
676,875,0.7183202626933591,0.3670663164188081,-21.891951769308147
677,871,0.7402127260509959,0.3618728174828782,-21.068972091917146
678,859,0.679084511068538,0.30623122238652956,-25.96834424949326
679,870,0.7743469885534275,0.3981637487039274,-16.970903666613324
680,895,0.8842074647896878,0.4717037616162561,-8.390382112436615
681,867,0.7537192000730372,0.3613017871600289,-16.90728910064796
682,885,0.9063278998145656,0.4781944201654811,-5.819707014826322
683,862,0.7237051562077126,0.34449688524226874,-20.196630553443566
684,882,0.7693070415298646,0.3890943359955552,-19.88752637845312
685,892,0.8344751959040121,0.4501154697853457,-10.815631363340708
686,866,0.7043923676958087,0.3380670381457712,-22.971217370779613
687,897,0.84204898902207,0.4591947998168107,-11.327110836522087
688,900,0.9324398490164858,0.5059088001167179,-4.358841391745887
689,862,0.6549294652837395,0.29940255719145786,-31.11832571521286
690,891,0.8278140503507201,0.43585443319007544,-13.045193109983858
691,858,0.6948962973156771,0.32671040661280354,-20.88438946801763
692,867,0.7568304804146835,0.373452065658469,-17.056590309981566
693,897,0.8641886365025432,0.4557227079910175,-8.663911684686678
694,879,0.7716732658599126,0.3905621309616757,-14.193576078837495
695,867,0.8123746509579123,0.40217045473771645,-11.553705508940055
696,881,0.8497364177987263,0.4346303811694985,-10.064050288063138
697,883,0.8337523099910136,0.4349035959445819,-12.723148623948209
698,878,0.8217448469319144,0.4295264160473101,-14.075341065565151
699,887,0.8497630653705105,0.4463703949279285,-11.527871306498247
700,875,0.7319520879188053,0.3619406356323212,-22.64074415373429
701,882,0.8180985981346478,0.417310497127668,-14.957906815878063
702,868,0.7850481477135711,0.38423210020835935,-17.853623186660755
703,875,0.7479373063433994,0.37632748130863064,-21.1859427295068
704,874,0.7854797973340729,0.40384685680656796,-15.201744770552379
705,894,0.8639064460639354,0.46569238954033565,-10.33839649858544
706,867,0.6671233080454777,0.30685085538419843,-26.88019933678727
707,885,0.8486611477745631,0.43682523176233556,-11.82310655049122
708,873,0.7781553600135027,0.4024383952145799,-17.915072586667186
709,903,0.9113339386179525,0.48527131340372726,-6.417936221722373
710,893,0.8679385054912236,0.4626640538805643,-9.037658575432417
711,876,0.7585033730494731,0.37359382605650127,-17.859403245106773
712,862,0.66312058817266,0.3132084332709638,-27.232073403796072
713,878,0.7895591014859061,0.4099204261360565,-16.75299804593133
714,869,0.8048455059709236,0.4020921486457924,-12.663042556579306
715,895,0.8050076796063775,0.41883264768003864,-15.729224636975577
716,878,0.7408644237779369,0.37540813221873937,-22.10216187152879
717,872,0.7505535502865313,0.39299103199654745,-19.378352119279715
718,884,0.8641254082264783,0.45172020755910675,-10.541754914204489
719,871,0.7836332726143033,0.39240984046735783,-18.21558846300836
720,861,0.7838720406120147,0.3926615383681891,-16.992447843769288
721,870,0.651021978398308,0.3067013703723582,-29.04296105301155
722,859,0.700303885658501,0.3272446402432202,-24.84715407777102
723,882,0.7584530746140066,0.3827745106986975,-18.56926389498185
724,861,0.6455569827725051,0.3014770257872574,-31.959063247655738
725,851,0.6161495062361476,0.26919854417481565,-31.50287447271469
726,878,0.8434253311923644,0.4325062366362373,-11.169394570352539
727,868,0.6721682660439505,0.3325236062856381,-28.052614645222175
728,874,0.7813189243102151,0.3911932419433299,-16.643828589311862
729,864,0.7125854272845483,0.3451291628626297,-20.750869027777117
730,870,0.8216910496677815,0.4206081755801475,-12.617850249445313
731,875,0.7724527402381514,0.387255008604221,-16.8636340676008
732,867,0.7566717008145941,0.371423225886221,-15.93076508630624
733,903,0.8837542419062956,0.47858874484489716,-8.064195901163167
734,888,0.808010478919922,0.40539934552132123,-15.110557029762788
735,870,0.7434975960691911,0.37057384653612907,-18.928385538157016
736,889,0.9401351094362743,0.5062628919667101,-4.236579196383818
737,890,0.9034349296998331,0.47768323369769333,-5.798698640840987
738,883,0.7165767362933865,0.36603008662363395,-20.126106122392123
739,874,0.8003339511011422,0.395307238495516,-14.463009861888988
740,883,0.7848484371617599,0.3977853288258838,-16.836625984149318
741,870,0.7536346593647394,0.3727779652421456,-17.824878834243894
742,883,0.8081169415609717,0.418763108123481,-14.237973228079959
743,878,0.7746305092522281,0.40020020442266113,-17.992541051591925
744,875,0.7990564091061025,0.4004121596349033,-14.45027539160662
745,861,0.7462120828786468,0.36659466670904745,-19.711061227541272
746,873,0.6866034391829338,0.316881110412555,-24.525891537860982
747,871,0.7530324602812873,0.37822071633401866,-18.144158988345964
748,869,0.7655538252497202,0.37225496416429543,-18.133495233412184
749,858,0.7204794669781026,0.3374353372655779,-21.722040159718603
750,885,0.7826362437291949,0.4058172145750298,-16.55797387301592
751,873,0.7714372501121511,0.3940386867922038,-20.042065392909418
752,883,0.7795607908461886,0.3874225362464094,-14.239514784317109
753,877,0.9370437795996638,0.49470450951809253,-3.5786779104034223
754,873,0.7596801068944425,0.38041902724110105,-15.949339455423408
755,884,0.8637434394677591,0.44760017163068894,-9.728961883097535
756,875,0.7279536110462296,0.35611641238092007,-18.84425352084819
757,870,0.8140052736814977,0.4207791003650504,-13.322999332724642
758,864,0.7037635425651236,0.333253562466047,-21.61313277833583
759,871,0.7576649685277118,0.365111322469732,-18.453697897803107
760,884,0.8204826327216258,0.423988374602044,-13.791814339985356
761,864,0.6544740124214514,0.29811654522424397,-27.85450094074299
762,848,0.7046856674970633,0.3222197916316127,-20.731594238182137
763,875,0.8077031770152654,0.41010673833381656,-15.112972988251338
764,893,0.8925907286063463,0.4685265325305362,-7.637403814685594
765,878,0.802153296444844,0.4170487977621014,-15.657321424732121
766,888,0.8957336035231966,0.47553054286643803,-7.930682910717358
767,884,0.8344194075012606,0.42391452818788833,-12.123707911327317
768,874,0.8043881415532057,0.421072575930681,-13.737629702795141
769,887,0.8217526871696623,0.4303593537155976,-13.740985446802156
770,910,0.9568079849944234,0.5137222415597974,-2.708243442124503
771,882,0.8464168851670548,0.4315232700435003,-10.201847695831216
772,882,0.7693834238108248,0.38383840752671466,-17.00321285321536
773,871,0.7814393200996358,0.38924319622303566,-16.360462726277667
774,859,0.7294809347582873,0.3457231193094061,-19.99587515733148
775,876,0.8068285784921191,0.4078811434725394,-14.87128898110969
776,891,0.8376897686474097,0.442832638484924,-12.181415179073625
777,882,0.7407127006256424,0.38462769964274063,-20.66647597240969
778,871,0.7565244677121752,0.3802875005517916,-17.092774179595086
779,869,0.7518181742604586,0.38165484395772364,-17.37439194453189
780,885,0.881823353262439,0.4661610979809201,-7.562989387090217
781,875,0.8045353521392709,0.4097571778539964,-14.252534895233008
782,865,0.7450293575546996,0.351917207228017,-20.410237130051406
783,875,0.7578880628227566,0.3856313892673797,-18.795488312208366
784,871,0.8396634576203784,0.42389856470760373,-9.6390056086666
785,881,0.77037641459704,0.3863075512041813,-17.298948451724442
786,868,0.6744715398446458,0.3194997514487382,-28.22101922521195
787,871,0.6914331287156059,0.33410932254301734,-23.65267984364048
788,871,0.6791704327621,0.31585422974217586,-25.879307317635856
789,892,0.9136015282386318,0.48838643158100076,-6.227477366670662
790,880,0.756180353761707,0.3805593478064281,-20.367043583511478
791,896,0.963726029283257,0.5137832027864652,-1.8054727424187562
792,867,0.706778495107056,0.33853477519973474,-26.867926943769515
793,865,0.7158574609146301,0.3544810673881081,-23.162311328958488
794,863,0.7012724435434008,0.32730879852436956,-23.796864965578315
795,878,0.7821350600289229,0.3844755114702568,-16.919038186278375
796,893,0.8274129113652972,0.4407142960265253,-12.78493718781946
797,872,0.7633373530157852,0.39455725675280773,-17.573971224081244
798,889,0.844055467783946,0.43755662254747973,-12.985221502275705
799,869,0.7451648188692316,0.36729973947241457,-22.122756466550378
800,887,0.7910225454332522,0.40244777925013286,-16.41512009164188
801,885,0.7715870671306083,0.3946489101601189,-19.55354263251803
802,859,0.7186154165896421,0.3484324938692946,-25.79559374679693
803,869,0.7779927911220281,0.3662324536682643,-16.06232904848183
804,870,0.7180623350087567,0.35330377609591124,-22.269049921717713
805,874,0.8506623058912683,0.42953748537546577,-9.50077575387034
806,867,0.7378539959372376,0.3502624839529365,-22.856096965217375
807,869,0.7802406882144121,0.38385535810619476,-15.696185271180308
808,888,0.877147828126521,0.4683456938490431,-9.454440629826795
809,875,0.716800752780611,0.3521145012819122,-24.15113133109409
810,873,0.7794523992679553,0.3912219637619005,-15.06531563259718
811,880,0.804773949208093,0.4062124472144444,-12.854029638457456
812,884,0.7669920093548659,0.399068301221354,-16.67936950334749
813,867,0.6884206762413178,0.31903358877443133,-20.537283460245344
814,883,0.7934081105370149,0.4027712544899843,-16.346222769285138
815,853,0.6272705105839795,0.2640041385043882,-34.47171842448901
816,867,0.7291220226884649,0.3522483009922911,-18.908101526475594
817,882,0.8832853852443674,0.4597292820451791,-7.762586283189795
818,908,0.8993524800912882,0.4753851171198859,-6.677645284560949
819,873,0.766810483489703,0.37779233827785186,-17.658676546822278
820,863,0.7071734557944345,0.3307375579297503,-25.88813938131888
821,867,0.7111094814085953,0.3482346598538779,-25.09647655981557
822,866,0.6536608826310464,0.31302852045570656,-30.054061154125733
823,871,0.7409615844840537,0.3593726029202149,-21.210551472957622
824,857,0.6538065431894582,0.28911651652576575,-26.238818899872225
825,867,0.709108500082883,0.34411747066061943,-24.6862640650473
826,875,0.7782709502157698,0.3850970786588084,-16.71557881598913
827,885,0.8542088957681195,0.45082587832426413,-10.40628289806838
828,871,0.6865845089934758,0.31571085618009487,-27.638613887865972
829,884,0.8592240012673784,0.4449968529057881,-9.740491411741981
830,878,0.764980190792003,0.38430114432344636,-18.773724746821397
831,862,0.7193430796322798,0.34907831014582374,-19.768715081170413
832,871,0.8546873816022835,0.4287129805216765,-9.597177245714258
833,856,0.6515784563400471,0.29426638567033037,-27.680244200401994
834,877,0.7459088948891873,0.3710062461008695,-21.392947687189828
835,872,0.7364876855707393,0.3532851793445201,-20.58443182486786
836,884,0.7798537669639989,0.39474093514156877,-17.52192762217988
837,880,0.7133263868225433,0.36490642907173976,-24.495939857289446
838,861,0.6204199419330358,0.28756700008234826,-36.344098563559456
839,877,0.7797763746426123,0.39345709905740367,-16.764115112463447
840,862,0.6388732812073648,0.28656510226760795,-32.45966110078782
841,865,0.8032607863979879,0.40449292989404717,-13.455104766476252
842,882,0.7651399606891747,0.39227683246477346,-20.38340181436596
843,865,0.720574665078554,0.3473528549168817,-23.661781668587217
844,888,0.8455370467559051,0.44427991713426285,-11.63769570733683
845,883,0.8374290588072916,0.42885352472926697,-12.502503157726407
846,895,0.9762931711417516,0.5302194945153302,-0.9057717825392408
847,888,0.8545206799372398,0.4557423777275364,-8.96595269750868
848,870,0.722988628153085,0.35727275090221716,-20.551943097613215
849,847,0.6914097853026675,0.30958499756311836,-25.457105736392055
850,895,0.9149847218242246,0.4912950184214106,-5.9846567232072445
851,871,0.7092782297996788,0.34183737715623286,-24.128698567787325
852,879,0.7667331842430666,0.3914814974047164,-18.589819608657024
853,886,0.7928542906392956,0.41044873970046225,-17.632212374266725
854,877,0.7838570270289519,0.3899025978561171,-17.610060053262927
855,883,0.8336740736265841,0.42795535086314473,-11.91992986818119
856,864,0.7183166146174847,0.34722200875366693,-21.140206503619474
857,864,0.673682679920125,0.3245672935384839,-27.642672083639845
858,863,0.761432471391489,0.376234949038704,-15.210036695463353
859,875,0.6910575177233989,0.3402336675649761,-27.59164305119404
860,873,0.8060508031176221,0.4060016362543197,-15.460136958669944
861,888,0.795803970895001,0.4110542665275554,-14.977902851338975
862,882,0.7602398380127261,0.3836755251689662,-17.564015773222998
863,873,0.756777727485305,0.3812162753785124,-19.11707320685319
864,858,0.7342877528927482,0.3545898180641885,-19.688217330209707
865,863,0.7298612887467597,0.34492857165663177,-19.044144844065148
866,868,0.7949459541495855,0.3866431764360805,-12.606843718036528
867,895,0.9460088710363292,0.5067458221570144,-3.043395599859355
868,864,0.720489934020136,0.3377444655594537,-23.801303499024215
869,861,0.7402179191876488,0.3565335633367427,-21.440093700604088
870,885,0.7447733492212142,0.3701413915207051,-20.35555316122622
871,865,0.6902893132453736,0.33227512413811566,-23.311096056835115
872,867,0.74181759749573,0.3547632000953667,-17.078747184860315
873,881,0.8466720585921299,0.4406268317711779,-10.491115907837878
874,876,0.835220074772736,0.4332280830125548,-12.737502170498173
875,875,0.7816336227838939,0.3860138473303606,-17.57205108988303
876,870,0.7846541818704631,0.38840528209302305,-15.721913617807369
877,887,0.8020247504210323,0.39719085771472284,-14.03879123048051
878,886,0.8745188164421155,0.4561594795113563,-9.042092814383762
879,878,0.7971231666202251,0.4098390453193043,-16.28163074133606
880,861,0.6451083795037309,0.2932284673720083,-32.8202820407158
881,885,0.8167353531936051,0.4264806791557936,-13.67709053090294
882,872,0.8551489203335707,0.4431084068131249,-10.83898792833948
883,874,0.8011755630759899,0.4013232299624037,-15.03252209009306
884,880,0.7839022009634307,0.404803091160253,-16.9838880035637
885,881,0.7725308925944101,0.3880481935929139,-16.87313953571795
886,887,0.8478078723642839,0.4480820233623812,-11.713682068324275
887,864,0.7664868017368065,0.381001831573157,-17.182264719953455
888,857,0.668050118769074,0.29952965997211883,-31.182040092199745
889,869,0.72409849323484,0.3610219111905818,-23.555260119776847
890,875,0.82146939172199,0.423298897368522,-12.750323521311737
891,870,0.7619460693255826,0.3836547840850957,-18.29400296938779
892,882,0.8312219325533617,0.42770875691856514,-12.775738523736466
893,872,0.7586562988578258,0.3683644456778994,-17.84062255202888
894,895,0.8385427646313095,0.4405555112345717,-11.396673374924704
895,856,0.6920315839048765,0.30353289974507186,-22.684169793146783
896,865,0.7624590918220403,0.3785725961182295,-16.282543079904688
897,863,0.7394388529363811,0.3651042047870432,-21.343876115281347
898,891,0.8436742453327667,0.44265321483560605,-11.721361060711576
899,887,0.8803388015777366,0.46294009625974325,-7.481419417149944
900,853,0.690502452017355,0.3143618182045074,-27.953874182900524
901,886,0.785965539821866,0.4023024574078576,-14.428051471577877
902,879,0.7834376403637014,0.399315086627265,-15.958321642437312
903,879,0.7654722578502239,0.38578446707473296,-19.315325049829394
904,894,0.8620225544842893,0.45719434018523314,-9.442032276746282
905,875,0.841520299222725,0.43802317365038185,-11.984036422954398
906,880,0.8722976275355758,0.45083741294056057,-7.697349743285195
907,858,0.7858984521637459,0.3689474073977778,-14.27055720148195
908,865,0.6986592023613363,0.3198189574928675,-23.890961472393744
909,861,0.6799170262331082,0.31733084575650566,-27.430267833293335
910,852,0.6179453262795217,0.2571679395726497,-32.9485136151076
911,886,0.8070251780250262,0.42235808768624594,-14.425899057092211
912,885,0.8356288131986312,0.44179542515809833,-12.444584961148502
913,875,0.774580805309654,0.39537027088980375,-16.139917096291615
914,883,0.8520336644141958,0.4379536383574316,-10.172667617999533
915,864,0.7166489150128242,0.3455445300349625,-22.160608572119507
916,883,0.7387668313155549,0.3667810718036619,-21.405942181436703
917,867,0.654607891676172,0.29706632086592843,-30.654712758887474
918,877,0.8317983856017237,0.4379262799849729,-12.15346567820613
919,883,0.7221660987923784,0.35404452251520224,-22.608650973644615
920,875,0.8012553995968547,0.39936187218143043,-15.758852850270719
921,900,0.9027292544794592,0.4857333164684938,-7.37860020072403
922,873,0.8564109237965508,0.44896964724211125,-10.561421905226132
923,873,0.7718283849038752,0.38869335175475034,-19.540032605792316
924,880,0.8873920770100923,0.4727485940006757,-7.715790997127131
925,881,0.7071117160700737,0.36122024794273627,-26.582222902229407
926,891,0.7664873762621464,0.39186953367826466,-18.264977896819936
927,871,0.799667641547079,0.4152998532395522,-14.001762093910868
928,884,0.8197614490658626,0.4209738379789706,-12.89220281155558
929,860,0.61629775593193,0.2870707116756531,-34.601523336821565
930,877,0.7575271811734277,0.37764127018811705,-18.78130174672306
931,867,0.7011744321534964,0.33486627604707936,-25.657356372423056
932,869,0.695110513274761,0.325954258434226,-23.70740503405581
933,870,0.7592557582854177,0.3813902993378402,-18.70646054353144
934,856,0.70682948674078,0.3136104412299734,-24.403828485767082
935,866,0.8482158827405337,0.4395095386710038,-9.469097290650877
936,863,0.756519845087507,0.35857235914771424,-17.301832034359936
937,878,0.7357749471187752,0.35880773415101225,-21.577374778442007
938,877,0.7822897106103289,0.40822312852096193,-17.25106583348449
939,867,0.7617901399768422,0.3812260587376105,-18.72998490247731
940,878,0.774162459304276,0.39089220094576044,-18.241125938087034
941,877,0.732571877573868,0.35242656911350084,-21.131954700690514
942,880,0.8128664180239372,0.42195498317511393,-15.028633011401325
943,883,0.8607470614705336,0.45389309489650087,-10.375064233629836
944,859,0.6860787831499597,0.314852270283248,-25.31222231004606
945,902,0.9162618861306053,0.49526078923186734,-6.141075039392352
946,888,0.8985703721395898,0.47586238414293874,-6.8253622191882215
947,888,0.8469079229783227,0.4330412133322496,-11.098691308131494
948,881,0.8026005789329641,0.40783547612574006,-15.385537503948475
949,899,0.9119617108354235,0.48656381591679754,-6.176297314799037
950,890,0.8253116479807646,0.4322161797969591,-11.726932535152066
951,871,0.8014431392222201,0.38927420680759695,-13.846930367829188
952,870,0.7547540567131266,0.37828329472103694,-19.67927658326555
953,888,0.8142438343035274,0.42586176161746764,-14.97091023492056
954,892,0.8668252478639856,0.459540002724996,-9.263079970919252
955,855,0.6600221632930947,0.28184538323522207,-23.82920066038092
956,903,0.8683968202344619,0.4697371110783699,-9.154517890983472
957,898,0.9186410172810358,0.4917662612228792,-5.872337235439998
958,882,0.8171917923726105,0.4262883607065574,-12.782124020976813
959,897,0.945757584301995,0.5067482395687214,-3.288839386676882
960,875,0.6962413522178739,0.3479756673087062,-25.97521615172377
961,880,0.8815290082114987,0.4653490755761298,-8.238305917853962
962,873,0.8066779413568099,0.4121598886650768,-13.940752510698664
963,884,0.8946849359638074,0.4687020835119562,-6.950392595871648
964,866,0.7656630968992927,0.3834840072330385,-19.099215353287534
965,875,0.7609695434231162,0.37739552921153674,-19.1808129002657
966,889,0.7997606149248117,0.41823409563595204,-14.396232885676273
967,887,0.7762904700279097,0.40545010781506646,-19.428944256617267
968,874,0.7816703718641713,0.3933694525845754,-14.107357128820444
969,875,0.6984381767026002,0.34175318214057876,-25.138870639875286
970,877,0.7662778117264414,0.3886831256359361,-18.900571585429944
971,878,0.7188324615034791,0.34693985832320756,-24.810059311913825
972,891,0.8918254728891507,0.4679128658143735,-7.217389887337442
973,880,0.8044030383979287,0.4194124419419261,-13.27207508714649
974,876,0.7282715134826756,0.35917992574263513,-21.728657412847078
975,866,0.7063707249553159,0.3331638209653346,-23.190298064032575
976,869,0.7469014939762797,0.35321456773691395,-19.996268688608975
977,883,0.731869385322837,0.36798443776936646,-23.942580446700813
978,872,0.7218617197807278,0.35509198318832835,-19.555798175075516
979,889,0.7822624561850489,0.4031964128698137,-17.035289433383646
980,877,0.8084984932094453,0.4125437098649506,-13.775561607951284
981,867,0.7486502299976941,0.36578653883238876,-18.626196987758973
982,884,0.8159361541591361,0.42302602029871295,-13.20017137707958
983,874,0.7312538432758806,0.35994775160471626,-20.622725782054705
984,872,0.6942704422499075,0.34874323105714944,-25.261507012808366
985,884,0.8476772436414277,0.44113964853914506,-10.033256589983738
986,869,0.6847196920968969,0.327378400037078,-24.13806474358655
987,875,0.8087884001126397,0.4117894892948968,-16.441473730879792
988,898,0.8850624314074658,0.4703865103613628,-7.660918471871577
989,871,0.6609580800400187,0.29475266213446566,-28.920465024311344
990,872,0.7281017588818322,0.3533358970903186,-21.15602921433032
991,858,0.6151015325888968,0.2661566358196425,-35.58267607824734
992,882,0.817080320758791,0.4210965131313537,-12.98783705720185
993,858,0.6824905145205887,0.31270963362533544,-26.97846774518481
994,873,0.7569962388185314,0.3749091064980945,-19.937867732987804
995,854,0.6737814735803055,0.2958436896716848,-25.539950211277205
996,883,0.8210092798295083,0.41797180616099183,-13.622895960038559
997,878,0.7572601423152117,0.36960924482894925,-19.20462150291527
998,882,0.810117840447796,0.4122849112793885,-13.200649608384149
999,884,0.8867489534714065,0.46889209754412087,-7.832168292013884
