timestamp,funding_rate,ts,bar_idx,cluster_id
1678406400000,-8.306e-05,2023-03-10 00:00:00+00:00,6528,0
1678521600003,-5.766e-05,2023-03-11 08:00:00.003000+00:00,6657,1
1678636800005,-4.286e-05,2023-03-12 16:00:00.005000+00:00,6785,2
1681113600010,-4.969e-05,2023-04-10 08:00:00.010000+00:00,9537,3
1682208000009,-6.991e-05,2023-04-23 00:00:00.009000+00:00,10753,4
1686009600000,-4.896e-05,2023-06-06 00:00:00+00:00,14976,5
1686787200000,-7.479e-05,2023-06-15 00:00:00+00:00,15840,6
1686816000000,-8.236e-05,2023-06-15 08:00:00+00:00,15872,6
1686873600000,-8.034e-05,2023-06-16 00:00:00+00:00,15936,6
1686902400000,-5.17e-05,2023-06-16 08:00:00+00:00,15968,6
1689264000000,-4.55e-05,2023-07-13 16:00:00+00:00,18592,7
1692316800000,-0.00017498,2023-08-18 00:00:00+00:00,21984,8
1692403200000,-4.58e-05,2023-08-19 00:00:00+00:00,22080,8
1692432000000,-7.861e-05,2023-08-19 08:00:00+00:00,22112,8
1692460800000,-8.349e-05,2023-08-19 16:00:00+00:00,22144,8
1692489600000,-0.00011445,2023-08-20 00:00:00+00:00,22176,8
1692518400000,-9.092e-05,2023-08-20 08:00:00+00:00,22208,8
1692576000000,-4.01e-05,2023-08-21 00:00:00+00:00,22272,8
1692604800000,-4.365e-05,2023-08-21 08:00:00+00:00,22304,8
1692691200000,-6.552e-05,2023-08-22 08:00:00+00:00,22400,8
1692720000000,-3.757e-05,2023-08-22 16:00:00+00:00,22432,8
1693065600000,-6.303e-05,2023-08-26 16:00:00+00:00,22816,9
1693209600001,-4.85e-05,2023-08-28 08:00:00.001000+00:00,22977,10
1693324800000,-0.0001273,2023-08-29 16:00:00+00:00,23104,11
1693814400000,-7.752e-05,2023-09-04 08:00:00+00:00,23648,12
1694476800000,-4.991e-05,2023-09-12 00:00:00+00:00,24384,13
1722873600000,-5.766e-05,2024-08-05 16:00:00+00:00,55936,14
1722931200000,-0.00010667,2024-08-06 08:00:00+00:00,56000,14
1722988800000,-4.25e-05,2024-08-07 00:00:00+00:00,56064,14
1723046400000,-4.478e-05,2024-08-07 16:00:00+00:00,56128,14
1723075200001,-4.377e-05,2024-08-08 00:00:00.001000+00:00,56161,14
1723248000000,-4.249e-05,2024-08-10 00:00:00+00:00,56352,15
1723536000000,-6.036e-05,2024-08-13 08:00:00+00:00,56672,16
1723564800000,-4.532e-05,2024-08-13 16:00:00+00:00,56704,16
1723968000000,-4.706e-05,2024-08-18 08:00:00+00:00,57152,17
1724025600000,-3.66e-05,2024-08-19 00:00:00+00:00,57216,17
1724803200000,-6.098e-05,2024-08-28 00:00:00+00:00,58080,18
1726473600001,-6.942e-05,2024-09-16 08:00:00.001000+00:00,59937,19
1738569600000,-0.00016657,2025-02-03 08:00:00+00:00,73376,20
1738598400000,-0.00025121,2025-02-03 16:00:00+00:00,73408,20
1738627200000,-0.00010653,2025-02-04 00:00:00+00:00,73440,20
1738684800000,-8.177e-05,2025-02-04 16:00:00+00:00,73504,20
1738713600001,-8.329e-05,2025-02-05 00:00:00.001000+00:00,73537,20
1738857600000,-7.747e-05,2025-02-06 16:00:00+00:00,73696,21
1741046400001,-4.308e-05,2025-03-04 00:00:00.001000+00:00,76129,22
1741075200005,-3.762e-05,2025-03-04 08:00:00.005000+00:00,76161,22
1741564800000,-4.249e-05,2025-03-10 00:00:00+00:00,76704,23
1741651200000,-4.045e-05,2025-03-11 00:00:00+00:00,76800,23
1743984000000,-3.784e-05,2025-04-07 00:00:00+00:00,79392,24
1744156800000,-4.82e-05,2025-04-09 00:00:00+00:00,79584,25
1744185600001,-6.596e-05,2025-04-09 08:00:00.001000+00:00,79617,25
1744358400000,-5.857e-05,2025-04-11 08:00:00+00:00,79808,26
1745164800000,-5.358e-05,2025-04-20 16:00:00+00:00,80704,27
1745740800000,-6.737e-05,2025-04-27 08:00:00+00:00,81344,28
1745769600000,-3.852e-05,2025-04-27 16:00:00+00:00,81376,28
1745827200003,-4.703e-05,2025-04-28 08:00:00.003000+00:00,81441,28
1745856000005,-8.681e-05,2025-04-28 16:00:00.005000+00:00,81473,28
1745971200001,-7.371e-05,2025-04-30 00:00:00.001000+00:00,81601,29
1746028800003,-6.069e-05,2025-04-30 16:00:00.003000+00:00,81665,29
1746172800000,-5.797e-05,2025-05-02 08:00:00+00:00,81824,30
1747612800000,-4.925e-05,2025-05-19 00:00:00+00:00,83424,31
1750464000002,-4.99e-05,2025-06-21 00:00:00.002000+00:00,86593,32
1754006400001,-3.749e-05,2025-08-01 00:00:00.001000+00:00,90529,33
1757030400001,-5.54e-05,2025-09-05 00:00:00.001000+00:00,93889,34
1758297600000,-4.324e-05,2025-09-19 16:00:00+00:00,95296,35
1758326400000,-4.366e-05,2025-09-20 00:00:00+00:00,95328,35
1758758400000,-8.602e-05,2025-09-25 00:00:00+00:00,95808,36
1758787200001,-8.11e-05,2025-09-25 08:00:00.001000+00:00,95841,36
1760112000014,-5.147e-05,2025-10-10 16:00:00.014000+00:00,97313,37
1760169600003,-0.00013094,2025-10-11 08:00:00.003000+00:00,97377,37
1760227200004,-6.965e-05,2025-10-12 00:00:00.004000+00:00,97441,37
1760284800000,-4.563e-05,2025-10-12 16:00:00+00:00,97504,37
1761696000004,-5.159e-05,2025-10-29 00:00:00.004000+00:00,99073,38
1761840000001,-6.394e-05,2025-10-30 16:00:00.001000+00:00,99233,39
1762934400002,-3.94e-05,2025-11-12 08:00:00.002000+00:00,100449,40
1769385600000,-0.00013629,2026-01-26 00:00:00+00:00,107616,41
1769817600000,-7.003e-05,2026-01-31 00:00:00+00:00,108096,42
1769875200009,-8.908e-05,2026-01-31 16:00:00.009000+00:00,108161,42
1769904000001,-0.00016427,2026-02-01 00:00:00.001000+00:00,108193,42
1769961600000,-7.308e-05,2026-02-01 16:00:00+00:00,108256,42
1769990400000,-0.00015302,2026-02-02 00:00:00+00:00,108288,42
1770019200014,-8.208e-05,2026-02-02 08:00:00.014000+00:00,108321,42
1770048000000,-0.00010921,2026-02-02 16:00:00+00:00,108352,42
1770076800000,-0.00015482,2026-02-03 00:00:00+00:00,108384,42
1770134400000,-3.903e-05,2026-02-03 16:00:00+00:00,108448,42
1770220800000,-6.117e-05,2026-02-04 16:00:00+00:00,108544,42
1770307200007,-7.797e-05,2026-02-05 16:00:00.007000+00:00,108641,43
1770336000000,-0.00027709,2026-02-06 00:00:00+00:00,108672,43
1770364800001,-8.43e-05,2026-02-06 08:00:00.001000+00:00,108705,43
1770566400000,-5.398e-05,2026-02-08 16:00:00+00:00,108928,44
1770595200002,-4.033e-05,2026-02-09 00:00:00.002000+00:00,108961,44
1770624000001,-4.865e-05,2026-02-09 08:00:00.001000+00:00,108993,44
1770710400007,-0.0001521,2026-02-10 08:00:00.007000+00:00,109089,45
1770739200000,-0.00019437,2026-02-10 16:00:00+00:00,109120,45
1770768000000,-8.436e-05,2026-02-11 00:00:00+00:00,109152,45
1770796800006,-0.00012968,2026-02-11 08:00:00.006000+00:00,109185,45
1770825600000,-0.00012326,2026-02-11 16:00:00+00:00,109216,45
1770912000001,-4.103e-05,2026-02-12 16:00:00.001000+00:00,109313,46
1770940800007,-0.00010652,2026-02-13 00:00:00.007000+00:00,109345,46
1771113600000,-6.367e-05,2026-02-15 00:00:00+00:00,109536,47
1771171200000,-7.55e-05,2026-02-15 16:00:00+00:00,109600,47
1771200000001,-5.314e-05,2026-02-16 00:00:00.001000+00:00,109633,47
1771228800003,-5.925e-05,2026-02-16 08:00:00.003000+00:00,109665,47
1771344000002,-4.733e-05,2026-02-17 16:00:00.002000+00:00,109793,48
1771401600000,-3.783e-05,2026-02-18 08:00:00+00:00,109856,48
1771459200013,-0.00010561,2026-02-19 00:00:00.013000+00:00,109921,48
1771516800003,-7.865e-05,2026-02-19 16:00:00.003000+00:00,109985,48
1771545600000,-4.637e-05,2026-02-20 00:00:00+00:00,110016,48
1771603200000,-7.16e-05,2026-02-20 16:00:00+00:00,110080,48
1771776000000,-4.379e-05,2026-02-22 16:00:00+00:00,110272,49
1771833600000,-0.00036526,2026-02-23 08:00:00+00:00,110336,49
1771920000000,-4.446e-05,2026-02-24 08:00:00+00:00,110432,49
1772208000001,-0.00011015,2026-02-27 16:00:00.001000+00:00,110753,50
1772236800000,-8.821e-05,2026-02-28 00:00:00+00:00,110784,50
1772265600000,-9.456e-05,2026-02-28 08:00:00+00:00,110816,50
1772294400004,-7.186e-05,2026-02-28 16:00:00.004000+00:00,110849,50
1772409600001,-7.621e-05,2026-03-02 00:00:00.001000+00:00,110977,51
1772438400007,-4.31e-05,2026-03-02 08:00:00.007000+00:00,111009,51
1772467200000,-6.736e-05,2026-03-02 16:00:00+00:00,111040,51
1772553600007,-9.532e-05,2026-03-03 16:00:00.007000+00:00,111137,52
1772611200005,-7.107e-05,2026-03-04 08:00:00.005000+00:00,111201,52
1772812800004,-9.858e-05,2026-03-06 16:00:00.004000+00:00,111425,53
1772841600001,-4.995e-05,2026-03-07 00:00:00.001000+00:00,111457,53
1772928000001,-4.775e-05,2026-03-08 00:00:00.001000+00:00,111553,53
1772956800000,-8.766e-05,2026-03-08 08:00:00+00:00,111584,53
1772985600002,-7.522e-05,2026-03-08 16:00:00.002000+00:00,111617,53
1773014400000,-0.00022545,2026-03-09 00:00:00+00:00,111648,53
1773302400000,-6.811e-05,2026-03-12 08:00:00+00:00,111968,54
1773504000007,-4.1e-05,2026-03-14 16:00:00.007000+00:00,112193,55
1773532800000,-4.662e-05,2026-03-15 00:00:00+00:00,112224,55
1773964800002,-6.348e-05,2026-03-20 00:00:00.002000+00:00,112705,56
1773993600000,-5.947e-05,2026-03-20 08:00:00+00:00,112736,56
1774195200002,-7.418e-05,2026-03-22 16:00:00.002000+00:00,112961,57
1774224000000,-5.929e-05,2026-03-23 00:00:00+00:00,112992,57
1774425600000,-4.168e-05,2026-03-25 08:00:00+00:00,113216,58
1774540800000,-8.212e-05,2026-03-26 16:00:00+00:00,113344,59
1774598400000,-5.164e-05,2026-03-27 08:00:00+00:00,113408,59
1774627200000,-0.00018104,2026-03-27 16:00:00+00:00,113440,59
1774656000005,-4.999e-05,2026-03-28 00:00:00.005000+00:00,113473,59
1774684800005,-8.079e-05,2026-03-28 08:00:00.005000+00:00,113505,59
1774771200001,-3.677e-05,2026-03-29 08:00:00.001000+00:00,113601,59
1774800000000,-3.76e-05,2026-03-29 16:00:00+00:00,113632,59
1775088000003,-8.956e-05,2026-04-02 00:00:00.003000+00:00,113953,60
1775116800001,-0.00013372,2026-04-02 08:00:00.001000+00:00,113985,60
1775145600001,-7.283e-05,2026-04-02 16:00:00.001000+00:00,114017,60
1775404800001,-4.34e-05,2026-04-05 16:00:00.001000+00:00,114305,61
1775520000000,-3.933e-05,2026-04-07 00:00:00+00:00,114432,62
1775865600000,-6.627e-05,2026-04-11 00:00:00+00:00,114816,63
1775894400000,-7.635e-05,2026-04-11 08:00:00+00:00,114848,63
1776009600000,-5.477e-05,2026-04-12 16:00:00+00:00,114976,64
1776326400000,-5.141e-05,2026-04-16 08:00:00+00:00,115328,65
1776355200000,-3.792e-05,2026-04-16 16:00:00+00:00,115360,65
1776528000000,-0.00015064,2026-04-18 16:00:00+00:00,115552,66
1776556800002,-0.00010377,2026-04-19 00:00:00.002000+00:00,115585,66
1776585600010,-0.00011438,2026-04-19 08:00:00.010000+00:00,115617,66
1776614400001,-0.00022976,2026-04-19 16:00:00.001000+00:00,115649,66
1776729600000,-4.382e-05,2026-04-21 00:00:00+00:00,115776,67
1776758400004,-3.72e-05,2026-04-21 08:00:00.004000+00:00,115809,67
1776787200004,-3.676e-05,2026-04-21 16:00:00.004000+00:00,115841,67
1776960000004,-6.025e-05,2026-04-23 16:00:00.004000+00:00,116033,68
1777017600000,-6.98e-05,2026-04-24 08:00:00+00:00,116096,68
1777046400000,-0.00012145,2026-04-24 16:00:00+00:00,116128,68
1777075200000,-4.387e-05,2026-04-25 00:00:00+00:00,116160,68
1777132800002,-4.431e-05,2026-04-25 16:00:00.002000+00:00,116225,68
1777248000004,-6.636e-05,2026-04-27 00:00:00.004000+00:00,116353,69
1777276800000,-7.865e-05,2026-04-27 08:00:00+00:00,116384,69
1777305600002,-7.593e-05,2026-04-27 16:00:00.002000+00:00,116417,69
1777334400001,-0.00016104,2026-04-28 00:00:00.001000+00:00,116449,69
1777363200000,-0.00011678,2026-04-28 08:00:00+00:00,116480,69
1777507200002,-6.092e-05,2026-04-30 00:00:00.002000+00:00,116641,70
1777536000000,-4.636e-05,2026-04-30 08:00:00+00:00,116672,70
1777564800000,-7.717e-05,2026-04-30 16:00:00+00:00,116704,70
1777593600000,-4e-05,2026-05-01 00:00:00+00:00,116736,70
1777708800000,-3.82e-05,2026-05-02 08:00:00+00:00,116864,71
1777996800000,-6.52e-05,2026-05-05 16:00:00+00:00,117184,72
1778054400000,-9.447e-05,2026-05-06 08:00:00+00:00,117248,72
1778083200002,-5.114e-05,2026-05-06 16:00:00.002000+00:00,117281,72
1778112000000,-6.585e-05,2026-05-07 00:00:00+00:00,117312,72
1778140800000,-0.00011993,2026-05-07 08:00:00+00:00,117344,72
1778169600004,-4.319e-05,2026-05-07 16:00:00.004000+00:00,117377,72
1780675200009,-7.387e-05,2026-06-05 16:00:00.009000+00:00,120161,73
1780704000000,-7.917e-05,2026-06-06 00:00:00+00:00,120192,73
1780790400001,-6.624e-05,2026-06-07 00:00:00.001000+00:00,120289,74
1780819200000,-0.00010189,2026-06-07 08:00:00+00:00,120320,74
1780876800000,-8.235e-05,2026-06-08 00:00:00+00:00,120384,74
1780905600005,-6.599e-05,2026-06-08 08:00:00.005000+00:00,120417,74
1780934400004,-4.515e-05,2026-06-08 16:00:00.004000+00:00,120449,74
1780963200000,-4.506e-05,2026-06-09 00:00:00+00:00,120480,74
1781020800001,-5.182e-05,2026-06-09 16:00:00.001000+00:00,120545,74
1781049600001,-4.089e-05,2026-06-10 00:00:00.001000+00:00,120577,74
1781078400011,-4.578e-05,2026-06-10 08:00:00.011000+00:00,120609,74
1781136000000,-3.684e-05,2026-06-11 00:00:00+00:00,120672,74
1781251200000,-5.854e-05,2026-06-12 08:00:00+00:00,120800,75
1782230400002,-3.854e-05,2026-06-23 16:00:00.002000+00:00,121889,76
1782403200000,-8.135e-05,2026-06-25 16:00:00+00:00,122080,77
1782604800000,-5.389e-05,2026-06-28 00:00:00+00:00,122304,78
