week,trend_weekly_r_sum,funding_signal_weekly_return
2023-01-09,5.166050065894083,0.0
2023-01-16,1.5545486535518738,0.0
2023-01-23,2.807052916652488,0.0
2023-01-30,1.8814084459641198,0.0
2023-02-06,2.078784973372371,0.0
2023-02-13,5.894847093668493,0.0
2023-02-20,1.5723384470532484,0.0
2023-02-27,-1.034759259241724,0.0
2023-03-06,6.86796648986921,0.05584052697595202
2023-03-13,4.4880439735310915,0.0
2023-03-20,-2.0457010721645217,0.0
2023-03-27,2.0990016872915565,0.0
2023-04-03,-3.110236433793341,0.0
2023-04-10,5.061072681584489,0.03263740579156593
2023-04-17,4.630165698597388,-0.009887587546348109
2023-04-24,3.856714768388457,0.0
2023-05-01,6.700706979525998,0.0
2023-05-08,1.7802164350977874,0.0
2023-05-22,-5.195944647631684,0.0
2023-05-29,-2.0774187121420296,0.0
2023-06-05,1.9243262343967098,0.04080369918182658
2023-06-12,-4.155486096517799,0.025457099633965363
2023-06-19,6.3428837749941405,0.0
2023-06-26,-1.2552182627963395,0.0
2023-07-03,1.4257259331398762,0.0
2023-07-10,6.241559520105032,0.025793854691193108
2023-07-17,1.4312166925384981,0.0
2023-07-24,-2.1277706260344704,0.0
2023-07-31,2.211989860664485,0.0
2023-08-07,1.7856797454682138,0.0
2023-08-14,14.737528984534535,-0.0020265883331017087
2023-08-21,2.148774077731808,-0.001775006855091288
2023-08-28,-2.08002481158191,-0.004894022060891234
2023-09-04,-3.11732229127091,-0.008685415942373709
2023-09-11,4.839698025671065,0.02707249627753172
2023-09-18,3.4810274154833296,0.0
2023-09-25,1.2349097713512673,0.0
2023-10-02,4.851498076737961,0.0
2023-10-09,0.8673499755566225,0.0
2023-10-16,0.15495463578247026,0.0
2023-10-23,4.168434799322025,0.0
2023-10-30,-5.149312362957735,0.0
2023-11-06,0.29455934067188294,0.0
2023-11-13,5.082522892748941,0.0
2023-11-20,-0.1437476785107188,0.0
2023-11-27,-5.201224521846799,0.0
2023-12-04,0.5192540854114138,0.0
2023-12-11,2.4645644875195094,0.0
2023-12-18,8.635592010005194,0.0
2023-12-25,9.561890386771605,0.0
2024-01-01,11.414781952134033,0.0
2024-01-08,15.285783347270865,0.0
2024-01-15,-1.0257596123089943,0.0
2024-01-22,4.234614655329636,0.0
2024-01-29,3.66606021131832,0.0
2024-02-05,4.536821851018699,0.0
2024-02-12,7.439546390659434,0.0
2024-02-19,-1.031477009822384,0.0
2024-02-26,7.7162022350333315,0.0
2024-03-04,9.85057516801564,0.0
2024-03-11,2.9081869449145112,0.0
2024-03-18,-0.1861101482631189,0.0
2024-03-25,-1.0219484851631415,0.0
2024-04-01,3.0033552973846893,0.0
2024-04-08,6.568504770874722,0.0
2024-04-15,-2.050675799847294,0.0
2024-04-22,-0.00041732990766596423,0.0
2024-04-29,2.868696714192364,0.0
2024-05-06,2.034228274847601,0.0
2024-05-13,2.5507907593713073,0.0
2024-05-20,5.111797109346247,0.0
2024-06-03,-1.0195530420184176,0.0
2024-06-10,4.961581571273344,0.0
2024-06-17,0.5405262030202662,0.0
2024-06-24,-1.0917084083230653,0.0
2024-07-01,2.339286992449197,0.0
2024-07-08,3.3273887473108332,0.0
2024-07-15,7.921327487730886,0.0
2024-07-22,4.928596237942919,0.0
2024-07-29,3.1799172443355745,0.0
2024-08-05,11.912901506617594,0.03684938724226492
2024-08-12,-2.04291024967839,0.009917308025677585
2024-08-19,8.361763546860553,0.001131325135987682
2024-08-26,7.189769968745642,0.03535351469005832
2024-09-02,5.094730738391262,0.0
2024-09-09,2.7330299612150375,0.0
2024-09-16,2.44338091840536,-0.01048425859168467
2024-09-23,2.3703915167726852,0.0
2024-09-30,0.16828675069846888,0.0
2024-10-07,-3.1040740164527594,0.0
2024-10-14,3.946524052345153,0.0
2024-10-21,-1.3836075381532749,0.0
2024-10-28,4.923649074996553,0.0
2024-11-04,13.798783182682437,0.0
2024-11-11,-1.0164354785864516,0.0
2024-11-18,-3.063929819176516,0.0
2024-11-25,2.5876111809955002,0.0
2024-12-02,-0.41724310106914486,0.0
2024-12-09,5.07876863454457,0.0
2024-12-16,9.744168809517063,0.0
2024-12-30,4.03297422358601,0.0
2025-01-06,0.22244087041183436,0.0
2025-01-13,7.36627072051226,0.0
2025-01-20,-1.0210061331440665,0.0
2025-01-27,5.948348580867729,0.0
2025-02-03,8.064784682303454,0.00450247932171044
2025-02-17,7.276909316034448,0.0
2025-02-24,7.467826432977837,0.0
2025-03-03,3.860503204211302,0.03289037101482717
2025-03-10,3.4093015125884882,-0.025239862933794266
2025-03-17,1.8860207695741718,0.0
2025-03-24,-0.04839618335611706,0.0
2025-03-31,6.204706788553285,0.0
2025-04-07,-5.0550441862373425,0.056118619494165745
2025-04-14,0.0,0.03039112386223697
2025-04-21,13.150586329868943,-0.011039669063560353
2025-04-28,3.9372019635974467,0.02012980614650515
2025-05-05,18.6722532174429,0.0
2025-05-12,4.057502952056332,0.0
2025-05-19,-1.0058405636706125,0.02525264745497524
2025-05-26,-1.6005795713618824,0.0
2025-06-02,5.073333767945228,0.0
2025-06-09,5.270892772266539,0.0
2025-06-16,4.730178403979571,-0.05351812543530898
2025-06-23,2.541807068017565,0.0
2025-06-30,8.774209815163452,0.0
2025-07-07,2.485537843632452,0.0
2025-07-14,5.5216198641244185,0.0
2025-07-21,-4.086905342424134,0.0
2025-07-28,2.605842961557409,-0.054336068706946294
2025-08-04,6.457260804829479,0.0
2025-08-11,4.511803977980542,0.0
2025-08-18,-4.080382716468206,0.0
2025-08-25,-1.6058006084642158,0.0
2025-09-01,-1.025105205345292,0.0029220937720115803
2025-09-08,4.257675502902362,0.0
2025-09-15,0.0,0.003378944400260764
2025-09-22,10.339242228715863,-0.04355861705501285
2025-09-29,0.8529676690724521,0.0
2025-10-06,11.531485382391345,0.018220398993830683
2025-10-13,4.359100200690703,0.0
2025-10-20,4.656287927567018,0.0
2025-10-27,-0.41917889061724256,-0.0010813084759492275
2025-11-03,4.085704624472591,0.0
2025-11-10,-0.7995056229267274,0.024158542968603314
2025-11-17,0.6284274257485094,0.0
2025-11-24,-1.028253900799697,0.0
2025-12-01,9.204745666940205,0.0
2025-12-08,-1.0195862868533945,0.0
2025-12-15,2.1808367130621553,0.0
2025-12-22,-2.055507862083272,0.0
2025-12-29,7.5293761170821965,0.0
2026-01-05,-1.0801076271311751,0.0
2026-01-12,5.3246990462964146,0.0
2026-01-19,5.62275100934119,0.0
2026-01-26,11.632553795619051,-0.03423789726686728
2026-02-02,5.117898968978942,0.00579994001603964
2026-02-09,1.5464453953929278,-0.0054793019520121425
2026-02-16,0.0,0.00025461078834898565
2026-02-23,10.310062570584266,0.022068178297196744
2026-03-02,-1.0165504825102303,0.019520703107999037
2026-03-09,2.9184122286895495,0.024655134127280764
2026-03-16,6.4630103566756425,0.0056428694418082515
2026-03-23,-3.248473354043709,0.004555214275894979
2026-03-30,-1.0129054017029255,0.004575726310024036
2026-04-06,3.2829685188849718,0.021447035064564357
2026-04-13,2.3938078226139936,-0.002350658356874554
2026-04-20,0.11134120300234551,0.010031793516049672
2026-04-27,4.789076836777554,0.0021898335710013985
2026-05-04,0.13097521981749205,-0.016257712238325006
2026-05-11,2.8255886597368916,0.0
2026-05-18,7.083004408820608,0.0
2026-05-25,-2.0589181246294483,0.0
2026-06-01,3.436195602840982,0.018856942384485487
2026-06-08,-1.0218553589608792,-0.0005162028277833322
2026-06-15,8.740490373971484,0.0
2026-06-22,-2.04253070215161,-0.00691620672716368
2026-06-29,3.4222100124938697,0.0
2026-07-06,-2.075516006504219,0.0
2026-07-13,-2.0702807701557706,0.0
2026-07-20,-3.1080752387308466,0.0
