entry_time,source,cluster_id
2023-01-08 23:15:00+00:00,filtered_trend,0
2023-01-08 23:15:00+00:00,filtered_trend,0
2023-01-11 23:30:00+00:00,filtered_trend,1
2023-01-11 23:30:00+00:00,filtered_trend,1
2023-01-12 17:45:00+00:00,filtered_trend,1
2023-01-14 00:30:00+00:00,filtered_trend,2
2023-01-20 20:00:00+00:00,filtered_trend,3
2023-01-20 20:00:00+00:00,filtered_trend,3
2023-01-25 15:00:00+00:00,filtered_trend,5
2023-01-29 10:15:00+00:00,filtered_trend,6
2023-01-29 10:15:00+00:00,filtered_trend,6
2023-01-29 19:15:00+00:00,filtered_trend,6
2023-01-30 09:15:00+00:00,filtered_trend,6
2023-01-30 09:15:00+00:00,filtered_trend,6
2023-01-30 19:15:00+00:00,filtered_trend,6
2023-02-02 00:45:00+00:00,filtered_trend,7
2023-02-09 03:00:00+00:00,filtered_trend,9
2023-02-09 19:15:00+00:00,filtered_trend,9
2023-02-09 19:15:00+00:00,filtered_trend,9
2023-02-15 19:00:00+00:00,filtered_trend,11
2023-02-15 19:00:00+00:00,filtered_trend,11
2023-02-22 15:15:00+00:00,filtered_trend,13
2023-03-09 18:45:00+00:00,filtered_trend,16
2023-03-09 18:45:00+00:00,filtered_trend,16
2023-03-10 07:00:00+00:00,filtered_trend,16
2023-03-10 07:00:00+00:00,filtered_trend,16
2023-03-11 08:00:00+00:00,filtered_trend,17
2023-03-12 22:30:00+00:00,filtered_trend,17
2023-03-12 22:30:00+00:00,filtered_trend,17
2023-03-13 14:15:00+00:00,filtered_trend,17
2023-03-13 14:15:00+00:00,filtered_trend,17
2023-03-17 11:45:00+00:00,filtered_trend,18
2023-03-18 01:00:00+00:00,filtered_trend,18
2023-03-21 13:00:00+00:00,filtered_trend,19
2023-03-24 17:30:00+00:00,filtered_trend,20
2023-03-29 06:30:00+00:00,filtered_trend,22
2023-04-03 08:30:00+00:00,filtered_trend,24
2023-04-05 00:45:00+00:00,filtered_trend,25
2023-04-11 02:00:00+00:00,filtered_trend,27
2023-04-12 14:30:00+00:00,filtered_trend,28
2023-04-13 09:00:00+00:00,filtered_trend,28
2023-04-13 09:00:00+00:00,filtered_trend,28
2023-04-19 21:30:00+00:00,filtered_trend,30
2023-04-19 21:30:00+00:00,filtered_trend,30
2023-04-21 17:30:00+00:00,filtered_trend,31
2023-04-21 17:30:00+00:00,filtered_trend,31
2023-04-26 10:30:00+00:00,filtered_trend,33
2023-04-26 10:30:00+00:00,filtered_trend,33
2023-05-01 01:45:00+00:00,filtered_trend,35
2023-05-03 22:15:00+00:00,filtered_trend,36
2023-05-05 13:45:00+00:00,filtered_trend,37
2023-05-05 13:45:00+00:00,filtered_trend,37
2023-05-06 00:30:00+00:00,filtered_trend,37
2023-05-12 03:00:00+00:00,filtered_trend,38
2023-05-12 03:00:00+00:00,filtered_trend,38
2023-05-23 03:30:00+00:00,filtered_trend,41
2023-05-24 14:00:00+00:00,filtered_trend,42
2023-05-25 01:15:00+00:00,filtered_trend,42
2023-05-28 22:00:00+00:00,filtered_trend,43
2023-06-05 16:00:00+00:00,filtered_trend,45
2023-06-06 17:00:00+00:00,filtered_trend,46
2023-06-06 17:00:00+00:00,filtered_trend,46
2023-06-10 06:00:00+00:00,filtered_trend,47
2023-06-10 06:00:00+00:00,filtered_trend,47
2023-06-21 01:15:00+00:00,filtered_trend,49
2023-06-21 01:15:00+00:00,filtered_trend,49
2023-06-21 23:00:00+00:00,filtered_trend,49
2023-06-21 23:00:00+00:00,filtered_trend,49
2023-06-30 12:45:00+00:00,filtered_trend,51
2023-06-30 17:15:00+00:00,filtered_trend,51
2023-07-03 07:30:00+00:00,filtered_trend,53
2023-07-05 13:00:00+00:00,filtered_trend,54
2023-07-06 12:00:00+00:00,filtered_trend,54
2023-07-06 12:00:00+00:00,filtered_trend,54
2023-07-06 23:15:00+00:00,filtered_trend,54
2023-07-06 23:15:00+00:00,filtered_trend,54
2023-07-13 17:45:00+00:00,filtered_trend,56
2023-07-13 17:45:00+00:00,filtered_trend,56
2023-07-17 21:45:00+00:00,filtered_trend,58
2023-07-24 10:00:00+00:00,filtered_trend,60
2023-08-01 18:30:00+00:00,filtered_trend,62
2023-08-01 18:30:00+00:00,filtered_trend,62
2023-08-08 16:45:00+00:00,filtered_trend,64
2023-08-08 16:45:00+00:00,filtered_trend,64
2023-08-15 19:15:00+00:00,filtered_trend,66
2023-08-16 20:30:00+00:00,filtered_trend,67
2023-08-17 14:45:00+00:00,filtered_trend,67
2023-08-17 14:45:00+00:00,filtered_trend,67
2023-08-17 21:00:00+00:00,filtered_trend,67
2023-08-17 21:00:00+00:00,filtered_trend,67
2023-08-18 04:30:00+00:00,filtered_trend,67
2023-08-22 21:30:00+00:00,filtered_trend,69
2023-08-23 07:00:00+00:00,filtered_trend,69
2023-08-23 16:30:00+00:00,filtered_trend,69
2023-08-23 16:30:00+00:00,filtered_trend,69
2023-09-01 17:15:00+00:00,filtered_trend,71
2023-09-06 18:00:00+00:00,filtered_trend,73
2023-09-07 21:15:00+00:00,filtered_trend,74
2023-09-11 09:30:00+00:00,filtered_trend,76
2023-09-11 09:30:00+00:00,filtered_trend,76
2023-09-11 15:00:00+00:00,filtered_trend,76
2023-09-11 15:00:00+00:00,filtered_trend,76
2023-09-12 17:30:00+00:00,filtered_trend,77
2023-09-18 10:45:00+00:00,filtered_trend,79
2023-09-18 10:45:00+00:00,filtered_trend,79
2023-09-21 11:00:00+00:00,filtered_trend,80
2023-09-21 11:00:00+00:00,filtered_trend,80
2023-09-27 10:00:00+00:00,filtered_trend,82
2023-09-27 10:00:00+00:00,filtered_trend,82
2023-09-28 10:45:00+00:00,filtered_trend,83
2023-09-28 14:45:00+00:00,filtered_trend,83
2023-09-28 14:45:00+00:00,filtered_trend,83
2023-10-02 08:30:00+00:00,filtered_trend,85
2023-10-09 09:45:00+00:00,filtered_trend,87
2023-10-09 09:45:00+00:00,filtered_trend,87
2023-10-11 02:45:00+00:00,filtered_trend,88
2023-10-12 16:30:00+00:00,filtered_trend,89
2023-10-16 13:30:00+00:00,filtered_trend,91
2023-10-20 03:00:00+00:00,filtered_trend,92
2023-10-20 03:00:00+00:00,filtered_trend,92
2023-10-21 17:45:00+00:00,filtered_trend,93
2023-10-22 06:00:00+00:00,filtered_trend,93
2023-10-22 23:00:00+00:00,filtered_trend,93
2023-10-22 23:00:00+00:00,filtered_trend,93
2023-10-23 22:30:00+00:00,filtered_trend,93
2023-10-23 22:30:00+00:00,filtered_trend,93
2023-11-02 01:30:00+00:00,filtered_trend,95
2023-11-05 04:00:00+00:00,filtered_trend,96
2023-11-09 15:00:00+00:00,filtered_trend,97
2023-11-09 21:30:00+00:00,filtered_trend,97
2023-11-09 21:30:00+00:00,filtered_trend,97
2023-11-14 18:15:00+00:00,filtered_trend,99
2023-11-14 18:15:00+00:00,filtered_trend,99
2023-11-21 22:30:00+00:00,filtered_trend,101
2023-11-22 19:00:00+00:00,filtered_trend,101
2023-11-27 16:00:00+00:00,filtered_trend,103
2023-12-01 07:15:00+00:00,filtered_trend,104
2023-12-01 16:30:00+00:00,filtered_trend,104
2023-12-04 05:15:00+00:00,filtered_trend,106
2023-12-04 05:15:00+00:00,filtered_trend,106
2023-12-05 18:00:00+00:00,filtered_trend,107
2023-12-07 21:30:00+00:00,filtered_trend,108
2023-12-11 14:00:00+00:00,filtered_trend,110
2023-12-11 14:00:00+00:00,filtered_trend,110
2023-12-12 17:15:00+00:00,filtered_trend,111
2023-12-18 01:45:00+00:00,filtered_trend,113
2023-12-18 01:45:00+00:00,filtered_trend,113
2023-12-19 15:00:00+00:00,filtered_trend,114
2023-12-19 15:00:00+00:00,filtered_trend,114
2023-12-22 15:00:00+00:00,filtered_trend,115
2023-12-26 16:00:00+00:00,filtered_trend,117
2023-12-26 16:00:00+00:00,filtered_trend,117
2023-12-27 10:30:00+00:00,filtered_trend,117
2023-12-27 10:30:00+00:00,filtered_trend,117
2023-12-27 23:15:00+00:00,filtered_trend,117
2023-12-27 23:15:00+00:00,filtered_trend,117
2024-01-02 00:00:00+00:00,filtered_trend,119
2024-01-02 00:00:00+00:00,filtered_trend,119
2024-01-02 08:30:00+00:00,filtered_trend,119
2024-01-08 06:30:00+00:00,filtered_trend,121
2024-01-08 06:30:00+00:00,filtered_trend,121
2024-01-09 21:15:00+00:00,filtered_trend,122
2024-01-09 21:15:00+00:00,filtered_trend,122
2024-01-10 15:15:00+00:00,filtered_trend,122
2024-01-10 15:15:00+00:00,filtered_trend,122
2024-01-18 18:15:00+00:00,filtered_trend,124
2024-01-22 05:00:00+00:00,filtered_trend,126
2024-01-22 10:00:00+00:00,filtered_trend,126
2024-01-22 10:00:00+00:00,filtered_trend,126
2024-01-23 09:30:00+00:00,filtered_trend,126
2024-01-23 09:30:00+00:00,filtered_trend,126
2024-01-30 16:00:00+00:00,filtered_trend,128
2024-01-30 16:00:00+00:00,filtered_trend,128
2024-01-31 15:45:00+00:00,filtered_trend,128
2024-02-06 20:15:00+00:00,filtered_trend,130
2024-02-07 17:15:00+00:00,filtered_trend,130
2024-02-07 17:15:00+00:00,filtered_trend,130
2024-02-09 09:00:00+00:00,filtered_trend,131
2024-02-09 09:00:00+00:00,filtered_trend,131
2024-02-12 17:30:00+00:00,filtered_trend,133
2024-02-12 17:30:00+00:00,filtered_trend,133
2024-02-13 21:15:00+00:00,filtered_trend,134
2024-02-13 21:15:00+00:00,filtered_trend,134
2024-02-15 00:30:00+00:00,filtered_trend,135
2024-02-16 01:15:00+00:00,filtered_trend,136
2024-02-19 06:00:00+00:00,filtered_trend,138
2024-02-26 15:00:00+00:00,filtered_trend,140
2024-02-26 15:00:00+00:00,filtered_trend,140
2024-02-28 09:00:00+00:00,filtered_trend,141
2024-02-28 16:30:00+00:00,filtered_trend,141
2024-02-28 16:30:00+00:00,filtered_trend,141
2024-02-28 23:30:00+00:00,filtered_trend,141
2024-02-28 23:30:00+00:00,filtered_trend,141
2024-03-04 19:00:00+00:00,filtered_trend,143
2024-03-04 19:00:00+00:00,filtered_trend,143
2024-03-06 05:00:00+00:00,filtered_trend,144
2024-03-06 05:00:00+00:00,filtered_trend,144
2024-03-11 07:00:00+00:00,filtered_trend,146
2024-03-11 07:00:00+00:00,filtered_trend,146
2024-03-14 19:00:00+00:00,filtered_trend,147
2024-03-15 02:30:00+00:00,filtered_trend,147
2024-03-15 02:30:00+00:00,filtered_trend,147
2024-03-15 09:15:00+00:00,filtered_trend,147
2024-03-16 18:15:00+00:00,filtered_trend,148
2024-03-16 18:15:00+00:00,filtered_trend,148
2024-03-17 06:45:00+00:00,filtered_trend,148
2024-03-19 01:00:00+00:00,filtered_trend,149
2024-03-19 01:00:00+00:00,filtered_trend,149
2024-03-19 23:15:00+00:00,filtered_trend,149
2024-03-20 04:45:00+00:00,filtered_trend,149
2024-03-20 16:30:00+00:00,filtered_trend,149
2024-03-22 21:30:00+00:00,filtered_trend,150
2024-03-25 17:15:00+00:00,filtered_trend,152
2024-04-01 21:15:00+00:00,filtered_trend,154
2024-04-02 02:30:00+00:00,filtered_trend,154
2024-04-02 02:30:00+00:00,filtered_trend,154
2024-04-08 08:15:00+00:00,filtered_trend,156
2024-04-08 08:15:00+00:00,filtered_trend,156
2024-04-08 18:45:00+00:00,filtered_trend,156
2024-04-12 17:30:00+00:00,filtered_trend,157
2024-04-12 17:30:00+00:00,filtered_trend,157
2024-04-13 01:30:00+00:00,filtered_trend,157
2024-04-13 20:00:00+00:00,filtered_trend,157
2024-04-16 04:15:00+00:00,filtered_trend,158
2024-04-21 02:30:00+00:00,filtered_trend,159
2024-04-28 02:45:00+00:00,filtered_trend,160
2024-04-30 08:45:00+00:00,filtered_trend,161
2024-04-30 08:45:00+00:00,filtered_trend,161
2024-05-10 15:00:00+00:00,filtered_trend,163
2024-05-10 15:00:00+00:00,filtered_trend,163
2024-05-15 13:30:00+00:00,filtered_trend,165
2024-05-15 13:30:00+00:00,filtered_trend,165
2024-05-17 08:15:00+00:00,filtered_trend,166
2024-05-17 13:00:00+00:00,filtered_trend,166
2024-05-17 13:00:00+00:00,filtered_trend,166
2024-05-20 19:30:00+00:00,filtered_trend,168
2024-05-20 19:30:00+00:00,filtered_trend,168
2024-05-20 22:00:00+00:00,filtered_trend,168
2024-05-20 22:00:00+00:00,filtered_trend,168
2024-05-22 15:45:00+00:00,filtered_trend,169
2024-05-23 11:30:00+00:00,filtered_trend,169
2024-05-23 11:30:00+00:00,filtered_trend,169
2024-06-07 18:00:00+00:00,filtered_trend,172
2024-06-11 02:00:00+00:00,filtered_trend,174
2024-06-11 02:00:00+00:00,filtered_trend,174
2024-06-11 15:45:00+00:00,filtered_trend,174
2024-06-13 02:45:00+00:00,filtered_trend,175
2024-06-13 02:45:00+00:00,filtered_trend,175
2024-06-19 03:30:00+00:00,filtered_trend,177
2024-06-23 20:45:00+00:00,filtered_trend,178
2024-06-23 20:45:00+00:00,filtered_trend,178
2024-06-24 05:30:00+00:00,filtered_trend,178
2024-06-24 09:45:00+00:00,filtered_trend,178
2024-07-01 01:15:00+00:00,filtered_trend,180
2024-07-03 02:00:00+00:00,filtered_trend,181
2024-07-03 02:00:00+00:00,filtered_trend,181
2024-07-03 10:15:00+00:00,filtered_trend,181
2024-07-03 10:15:00+00:00,filtered_trend,181
2024-07-04 02:00:00+00:00,filtered_trend,181
2024-07-04 02:00:00+00:00,filtered_trend,181
2024-07-04 13:30:00+00:00,filtered_trend,181
2024-07-05 03:00:00+00:00,filtered_trend,181
2024-07-08 14:30:00+00:00,filtered_trend,183
2024-07-15 01:00:00+00:00,filtered_trend,185
2024-07-15 01:00:00+00:00,filtered_trend,185
2024-07-15 14:45:00+00:00,filtered_trend,185
2024-07-15 14:45:00+00:00,filtered_trend,185
2024-07-15 22:15:00+00:00,filtered_trend,185
2024-07-16 15:15:00+00:00,filtered_trend,185
2024-07-16 15:15:00+00:00,filtered_trend,185
2024-07-24 21:15:00+00:00,filtered_trend,187
2024-07-24 21:15:00+00:00,filtered_trend,187
2024-07-29 14:00:00+00:00,filtered_trend,189
2024-07-29 14:00:00+00:00,filtered_trend,189
2024-08-01 04:30:00+00:00,filtered_trend,190
2024-08-01 16:30:00+00:00,filtered_trend,190
2024-08-02 14:45:00+00:00,filtered_trend,190
2024-08-02 14:45:00+00:00,filtered_trend,190
2024-08-04 17:00:00+00:00,filtered_trend,191
2024-08-04 17:00:00+00:00,filtered_trend,191
2024-08-05 00:00:00+00:00,filtered_trend,191
2024-08-05 00:00:00+00:00,filtered_trend,191
2024-08-05 06:30:00+00:00,filtered_trend,191
2024-08-16 02:45:00+00:00,filtered_trend,193
2024-08-23 18:00:00+00:00,filtered_trend,195
2024-08-23 18:00:00+00:00,filtered_trend,195
2024-08-27 10:30:00+00:00,filtered_trend,197
2024-08-27 10:30:00+00:00,filtered_trend,197
2024-08-27 21:15:00+00:00,filtered_trend,197
2024-08-27 21:15:00+00:00,filtered_trend,197
2024-09-06 17:45:00+00:00,filtered_trend,199
2024-09-06 17:45:00+00:00,filtered_trend,199
2024-09-13 21:15:00+00:00,filtered_trend,201
2024-09-15 20:30:00+00:00,filtered_trend,202
2024-09-15 20:30:00+00:00,filtered_trend,202
2024-09-18 00:30:00+00:00,filtered_trend,203
2024-09-19 05:00:00+00:00,filtered_trend,204
2024-09-19 05:00:00+00:00,filtered_trend,204
2024-09-19 16:30:00+00:00,filtered_trend,204
2024-09-20 04:00:00+00:00,filtered_trend,204
2024-09-20 04:00:00+00:00,filtered_trend,204
2024-09-26 02:15:00+00:00,filtered_trend,206
2024-09-26 02:15:00+00:00,filtered_trend,206
2024-10-01 15:00:00+00:00,filtered_trend,208
2024-10-01 15:00:00+00:00,filtered_trend,208
2024-10-02 18:15:00+00:00,filtered_trend,209
2024-10-02 18:15:00+00:00,filtered_trend,209
2024-10-03 15:00:00+00:00,filtered_trend,209
2024-10-07 01:00:00+00:00,filtered_trend,211
2024-10-07 14:15:00+00:00,filtered_trend,211
2024-10-14 14:00:00+00:00,filtered_trend,213
2024-10-14 14:00:00+00:00,filtered_trend,213
2024-10-15 14:00:00+00:00,filtered_trend,213
2024-10-20 14:00:00+00:00,filtered_trend,214
2024-10-20 14:00:00+00:00,filtered_trend,214
2024-10-20 22:15:00+00:00,filtered_trend,214
2024-10-23 15:15:00+00:00,filtered_trend,215
2024-10-23 15:15:00+00:00,filtered_trend,215
2024-10-25 23:15:00+00:00,filtered_trend,216
2024-10-29 02:15:00+00:00,filtered_trend,218
2024-10-29 02:15:00+00:00,filtered_trend,218
2024-10-30 10:00:00+00:00,filtered_trend,219
2024-10-30 14:15:00+00:00,filtered_trend,219
2024-11-03 14:00:00+00:00,filtered_trend,220
2024-11-06 01:00:00+00:00,filtered_trend,221
2024-11-06 01:00:00+00:00,filtered_trend,221
2024-11-06 23:00:00+00:00,filtered_trend,221
2024-11-06 23:00:00+00:00,filtered_trend,221
2024-11-07 17:15:00+00:00,filtered_trend,221
2024-11-07 17:15:00+00:00,filtered_trend,221
2024-11-10 04:45:00+00:00,filtered_trend,222
2024-11-10 04:45:00+00:00,filtered_trend,222
2024-11-13 14:45:00+00:00,filtered_trend,223
2024-11-21 19:00:00+00:00,filtered_trend,225
2024-11-22 04:30:00+00:00,filtered_trend,225
2024-11-23 14:00:00+00:00,filtered_trend,226
2024-11-27 14:45:00+00:00,filtered_trend,227
2024-11-27 14:45:00+00:00,filtered_trend,227
2024-12-04 01:00:00+00:00,filtered_trend,229
2024-12-04 20:15:00+00:00,filtered_trend,229
2024-12-06 04:00:00+00:00,filtered_trend,230
2024-12-09 15:45:00+00:00,filtered_trend,232
2024-12-09 15:45:00+00:00,filtered_trend,232
2024-12-10 15:30:00+00:00,filtered_trend,232
2024-12-18 20:00:00+00:00,filtered_trend,234
2024-12-18 20:00:00+00:00,filtered_trend,234
2024-12-19 17:30:00+00:00,filtered_trend,234
2024-12-19 17:30:00+00:00,filtered_trend,234
2024-12-19 20:15:00+00:00,filtered_trend,234
2024-12-19 20:15:00+00:00,filtered_trend,234
2025-01-02 09:00:00+00:00,filtered_trend,237
2025-01-02 09:00:00+00:00,filtered_trend,237
2025-01-03 15:45:00+00:00,filtered_trend,238
2025-01-03 15:45:00+00:00,filtered_trend,238
2025-01-07 19:45:00+00:00,filtered_trend,240
2025-01-07 19:45:00+00:00,filtered_trend,240
2025-01-09 13:45:00+00:00,filtered_trend,241
2025-01-09 19:45:00+00:00,filtered_trend,241
2025-01-15 19:00:00+00:00,filtered_trend,243
2025-01-15 19:00:00+00:00,filtered_trend,243
2025-01-24 06:00:00+00:00,filtered_trend,245
2025-01-27 05:45:00+00:00,filtered_trend,247
2025-01-27 05:45:00+00:00,filtered_trend,247
2025-01-27 18:45:00+00:00,filtered_trend,247
2025-01-31 15:30:00+00:00,filtered_trend,248
2025-02-01 22:00:00+00:00,filtered_trend,249
2025-02-01 22:00:00+00:00,filtered_trend,249
2025-02-02 11:45:00+00:00,filtered_trend,249
2025-02-02 17:00:00+00:00,filtered_trend,249
2025-02-02 17:00:00+00:00,filtered_trend,249
2025-02-02 22:45:00+00:00,filtered_trend,249
2025-02-02 22:45:00+00:00,filtered_trend,249
2025-02-17 10:15:00+00:00,filtered_trend,252
2025-02-17 10:15:00+00:00,filtered_trend,252
2025-02-17 21:30:00+00:00,filtered_trend,252
2025-02-24 04:30:00+00:00,filtered_trend,254
2025-02-24 04:30:00+00:00,filtered_trend,254
2025-02-25 07:15:00+00:00,filtered_trend,255
2025-02-26 18:30:00+00:00,filtered_trend,256
2025-02-28 02:45:00+00:00,filtered_trend,257
2025-02-28 02:45:00+00:00,filtered_trend,257
2025-03-02 21:45:00+00:00,filtered_trend,258
2025-03-03 18:30:00+00:00,filtered_trend,258
2025-03-03 18:30:00+00:00,filtered_trend,258
2025-03-09 17:00:00+00:00,filtered_trend,259
2025-03-09 17:00:00+00:00,filtered_trend,259
2025-03-10 14:15:00+00:00,filtered_trend,259
2025-03-10 14:15:00+00:00,filtered_trend,259
2025-03-11 00:30:00+00:00,filtered_trend,259
2025-03-19 10:45:00+00:00,filtered_trend,261
2025-03-19 10:45:00+00:00,filtered_trend,261
2025-03-19 15:45:00+00:00,filtered_trend,261
2025-03-24 08:30:00+00:00,filtered_trend,263
2025-03-28 04:45:00+00:00,filtered_trend,264
2025-03-28 04:45:00+00:00,filtered_trend,264
2025-03-29 17:00:00+00:00,filtered_trend,265
2025-04-06 17:00:00+00:00,filtered_trend,266
2025-04-06 17:00:00+00:00,filtered_trend,266
2025-04-07 06:30:00+00:00,filtered_trend,266
2025-04-09 01:15:00+00:00,filtered_trend,267
2025-04-21 00:30:00+00:00,filtered_trend,270
2025-04-21 00:30:00+00:00,filtered_trend,270
2025-04-22 07:45:00+00:00,filtered_trend,271
2025-04-22 07:45:00+00:00,filtered_trend,271
2025-04-22 21:30:00+00:00,filtered_trend,271
2025-04-22 21:30:00+00:00,filtered_trend,271
2025-04-30 18:15:00+00:00,filtered_trend,273
2025-04-30 18:15:00+00:00,filtered_trend,273
2025-05-08 04:00:00+00:00,filtered_trend,275
2025-05-08 04:00:00+00:00,filtered_trend,275
2025-05-09 07:15:00+00:00,filtered_trend,276
2025-05-09 07:15:00+00:00,filtered_trend,276
2025-05-10 17:15:00+00:00,filtered_trend,277
2025-05-10 17:15:00+00:00,filtered_trend,277
2025-05-13 17:15:00+00:00,filtered_trend,278
2025-05-13 17:15:00+00:00,filtered_trend,278
2025-05-18 19:45:00+00:00,filtered_trend,279
2025-05-18 19:45:00+00:00,filtered_trend,279
2025-05-19 04:45:00+00:00,filtered_trend,279
2025-05-22 08:30:00+00:00,filtered_trend,280
2025-05-22 08:30:00+00:00,filtered_trend,280
2025-05-30 01:00:00+00:00,filtered_trend,282
2025-05-30 16:45:00+00:00,filtered_trend,282
2025-05-30 22:45:00+00:00,filtered_trend,282
2025-05-30 22:45:00+00:00,filtered_trend,282
2025-06-05 20:15:00+00:00,filtered_trend,284
2025-06-05 20:15:00+00:00,filtered_trend,284
2025-06-09 21:15:00+00:00,filtered_trend,286
2025-06-09 21:15:00+00:00,filtered_trend,286
2025-06-10 11:30:00+00:00,filtered_trend,286
2025-06-10 19:30:00+00:00,filtered_trend,286
2025-06-11 15:45:00+00:00,filtered_trend,286
2025-06-13 16:15:00+00:00,filtered_trend,287
2025-06-17 15:00:00+00:00,filtered_trend,289
2025-06-17 15:00:00+00:00,filtered_trend,289
2025-06-21 21:30:00+00:00,filtered_trend,290
2025-06-21 21:30:00+00:00,filtered_trend,290
2025-06-22 09:30:00+00:00,filtered_trend,290
2025-06-22 13:30:00+00:00,filtered_trend,290
2025-06-22 13:30:00+00:00,filtered_trend,290
2025-07-02 03:30:00+00:00,filtered_trend,292
2025-07-02 03:30:00+00:00,filtered_trend,292
2025-07-02 15:15:00+00:00,filtered_trend,292
2025-07-02 15:15:00+00:00,filtered_trend,292
2025-07-06 21:30:00+00:00,filtered_trend,293
2025-07-09 05:45:00+00:00,filtered_trend,294
2025-07-09 18:15:00+00:00,filtered_trend,294
2025-07-09 18:15:00+00:00,filtered_trend,294
2025-07-10 02:15:00+00:00,filtered_trend,294
2025-07-10 21:30:00+00:00,filtered_trend,294
2025-07-10 21:30:00+00:00,filtered_trend,294
2025-07-16 14:45:00+00:00,filtered_trend,296
2025-07-16 14:45:00+00:00,filtered_trend,296
2025-07-17 07:45:00+00:00,filtered_trend,296
2025-07-18 01:00:00+00:00,filtered_trend,296
2025-07-18 01:00:00+00:00,filtered_trend,296
2025-07-20 12:00:00+00:00,filtered_trend,297
2025-07-20 12:00:00+00:00,filtered_trend,297
2025-07-23 23:15:00+00:00,filtered_trend,298
2025-07-24 14:45:00+00:00,filtered_trend,298
2025-07-29 00:15:00+00:00,filtered_trend,300
2025-07-31 23:45:00+00:00,filtered_trend,301
2025-07-31 23:45:00+00:00,filtered_trend,301
2025-08-01 08:15:00+00:00,filtered_trend,301
2025-08-01 19:30:00+00:00,filtered_trend,301
2025-08-01 19:30:00+00:00,filtered_trend,301
2025-08-07 10:15:00+00:00,filtered_trend,303
2025-08-07 10:15:00+00:00,filtered_trend,303
2025-08-07 19:45:00+00:00,filtered_trend,303
2025-08-07 19:45:00+00:00,filtered_trend,303
2025-08-08 17:45:00+00:00,filtered_trend,303
2025-08-08 17:45:00+00:00,filtered_trend,303
2025-08-12 16:00:00+00:00,filtered_trend,305
2025-08-12 16:00:00+00:00,filtered_trend,305
2025-08-19 23:45:00+00:00,filtered_trend,307
2025-08-22 17:15:00+00:00,filtered_trend,308
2025-08-29 09:00:00+00:00,filtered_trend,310
2025-08-29 14:15:00+00:00,filtered_trend,310
2025-09-12 14:15:00+00:00,filtered_trend,313
2025-09-12 14:15:00+00:00,filtered_trend,313
2025-09-13 03:45:00+00:00,filtered_trend,313
2025-09-22 00:30:00+00:00,filtered_trend,315
2025-09-22 00:30:00+00:00,filtered_trend,315
2025-09-25 01:30:00+00:00,filtered_trend,316
2025-09-25 01:30:00+00:00,filtered_trend,316
2025-09-25 17:15:00+00:00,filtered_trend,316
2025-10-02 06:30:00+00:00,filtered_trend,318
2025-10-02 18:30:00+00:00,filtered_trend,318
2025-10-02 18:30:00+00:00,filtered_trend,318
2025-10-06 14:00:00+00:00,filtered_trend,320
2025-10-06 14:00:00+00:00,filtered_trend,320
2025-10-07 15:00:00+00:00,filtered_trend,321
2025-10-07 15:00:00+00:00,filtered_trend,321
2025-10-09 08:30:00+00:00,filtered_trend,322
2025-10-10 19:00:00+00:00,filtered_trend,323
2025-10-10 19:00:00+00:00,filtered_trend,323
2025-10-14 05:45:00+00:00,filtered_trend,325
2025-10-14 05:45:00+00:00,filtered_trend,325
2025-10-17 08:00:00+00:00,filtered_trend,326
2025-10-21 20:30:00+00:00,filtered_trend,328
2025-10-21 20:30:00+00:00,filtered_trend,328
2025-10-26 13:00:00+00:00,filtered_trend,329
2025-10-26 13:00:00+00:00,filtered_trend,329
2025-10-27 05:15:00+00:00,filtered_trend,329
2025-10-30 13:45:00+00:00,filtered_trend,330
2025-10-30 13:45:00+00:00,filtered_trend,330
2025-11-03 15:30:00+00:00,filtered_trend,332
2025-11-04 05:45:00+00:00,filtered_trend,332
2025-11-04 17:00:00+00:00,filtered_trend,332
2025-11-04 17:00:00+00:00,filtered_trend,332
2025-11-10 00:45:00+00:00,filtered_trend,334
2025-11-12 15:45:00+00:00,filtered_trend,335
2025-11-13 17:00:00+00:00,filtered_trend,336
2025-11-13 17:00:00+00:00,filtered_trend,336
2025-11-14 04:45:00+00:00,filtered_trend,336
2025-11-18 03:15:00+00:00,filtered_trend,338
2025-11-19 17:15:00+00:00,filtered_trend,339
2025-11-21 02:45:00+00:00,filtered_trend,340
2025-11-21 02:45:00+00:00,filtered_trend,340
2025-11-27 02:30:00+00:00,filtered_trend,342
2025-12-01 01:00:00+00:00,filtered_trend,344
2025-12-01 01:00:00+00:00,filtered_trend,344
2025-12-03 02:15:00+00:00,filtered_trend,345
2025-12-03 02:15:00+00:00,filtered_trend,345
2025-12-03 22:00:00+00:00,filtered_trend,345
2025-12-03 22:00:00+00:00,filtered_trend,345
2025-12-15 15:00:00+00:00,filtered_trend,348
2025-12-15 15:00:00+00:00,filtered_trend,348
2025-12-23 20:45:00+00:00,filtered_trend,350
2025-12-29 09:45:00+00:00,filtered_trend,352
2025-12-29 09:45:00+00:00,filtered_trend,352
2026-01-02 09:15:00+00:00,filtered_trend,353
2026-01-02 09:15:00+00:00,filtered_trend,353
2026-01-02 15:00:00+00:00,filtered_trend,353
2026-01-02 15:00:00+00:00,filtered_trend,353
2026-01-04 00:15:00+00:00,filtered_trend,354
2026-01-04 00:15:00+00:00,filtered_trend,354
2026-01-05 01:00:00+00:00,filtered_trend,355
2026-01-06 21:30:00+00:00,filtered_trend,356
2026-01-08 03:45:00+00:00,filtered_trend,357
2026-01-08 03:45:00+00:00,filtered_trend,357
2026-01-12 08:45:00+00:00,filtered_trend,359
2026-01-12 08:45:00+00:00,filtered_trend,359
2026-01-13 16:00:00+00:00,filtered_trend,360
2026-01-13 16:00:00+00:00,filtered_trend,360
2026-01-14 15:00:00+00:00,filtered_trend,360
2026-01-19 00:00:00+00:00,filtered_trend,361
2026-01-20 05:00:00+00:00,filtered_trend,362
2026-01-20 05:00:00+00:00,filtered_trend,362
2026-01-20 22:45:00+00:00,filtered_trend,362
2026-01-21 16:45:00+00:00,filtered_trend,362
2026-01-25 18:15:00+00:00,filtered_trend,363
2026-01-25 18:15:00+00:00,filtered_trend,363
2026-01-27 20:30:00+00:00,filtered_trend,364
2026-01-29 15:15:00+00:00,filtered_trend,365
2026-01-29 15:15:00+00:00,filtered_trend,365
2026-01-30 01:45:00+00:00,filtered_trend,365
2026-01-30 01:45:00+00:00,filtered_trend,365
2026-01-31 14:30:00+00:00,filtered_trend,366
2026-01-31 14:30:00+00:00,filtered_trend,366
2026-02-01 15:30:00+00:00,filtered_trend,366
2026-02-01 23:15:00+00:00,filtered_trend,366
2026-02-02 03:30:00+00:00,filtered_trend,366
2026-02-03 18:00:00+00:00,filtered_trend,367
2026-02-05 04:15:00+00:00,filtered_trend,368
2026-02-05 04:15:00+00:00,filtered_trend,368
2026-02-11 15:15:00+00:00,filtered_trend,370
2026-02-15 14:00:00+00:00,filtered_trend,371
2026-02-15 14:00:00+00:00,filtered_trend,371
2026-02-23 02:00:00+00:00,filtered_trend,373
2026-02-25 01:15:00+00:00,filtered_trend,374
2026-02-25 15:00:00+00:00,filtered_trend,374
2026-02-25 15:00:00+00:00,filtered_trend,374
2026-02-28 14:00:00+00:00,filtered_trend,375
2026-02-28 14:00:00+00:00,filtered_trend,375
2026-03-01 02:00:00+00:00,filtered_trend,375
2026-03-04 19:15:00+00:00,filtered_trend,376
2026-03-13 13:00:00+00:00,filtered_trend,378
2026-03-13 13:00:00+00:00,filtered_trend,378
2026-03-15 22:45:00+00:00,filtered_trend,379
2026-03-15 22:45:00+00:00,filtered_trend,379
2026-03-16 12:15:00+00:00,filtered_trend,379
2026-03-16 17:45:00+00:00,filtered_trend,379
2026-03-16 17:45:00+00:00,filtered_trend,379
2026-03-22 08:00:00+00:00,filtered_trend,380
2026-03-22 08:00:00+00:00,filtered_trend,380
2026-03-26 11:15:00+00:00,filtered_trend,381
2026-03-26 18:00:00+00:00,filtered_trend,381
2026-03-27 11:00:00+00:00,filtered_trend,381
2026-04-01 06:15:00+00:00,filtered_trend,383
2026-04-02 14:45:00+00:00,filtered_trend,384
2026-04-05 23:00:00+00:00,filtered_trend,385
2026-04-05 23:00:00+00:00,filtered_trend,385
2026-04-06 17:15:00+00:00,filtered_trend,385
2026-04-06 17:15:00+00:00,filtered_trend,385
2026-04-07 23:00:00+00:00,filtered_trend,386
2026-04-11 19:15:00+00:00,filtered_trend,387
2026-04-12 01:45:00+00:00,filtered_trend,387
2026-04-12 01:45:00+00:00,filtered_trend,387
2026-04-13 22:15:00+00:00,filtered_trend,388
2026-04-13 22:15:00+00:00,filtered_trend,388
2026-04-19 22:15:00+00:00,filtered_trend,389
2026-04-23 17:30:00+00:00,filtered_trend,390
2026-04-27 05:30:00+00:00,filtered_trend,392
2026-04-27 05:30:00+00:00,filtered_trend,392
2026-04-29 12:30:00+00:00,filtered_trend,393
2026-04-29 12:30:00+00:00,filtered_trend,393
2026-05-04 02:15:00+00:00,filtered_trend,395
2026-05-07 14:45:00+00:00,filtered_trend,396
2026-05-07 14:45:00+00:00,filtered_trend,396
2026-05-13 14:00:00+00:00,filtered_trend,398
2026-05-15 14:00:00+00:00,filtered_trend,399
2026-05-15 14:00:00+00:00,filtered_trend,399
2026-05-23 08:00:00+00:00,filtered_trend,401
2026-05-24 14:15:00+00:00,filtered_trend,401
2026-05-24 14:15:00+00:00,filtered_trend,401
2026-05-28 03:30:00+00:00,filtered_trend,402
2026-06-01 08:00:00+00:00,filtered_trend,404
2026-06-02 02:00:00+00:00,filtered_trend,404
2026-06-02 09:15:00+00:00,filtered_trend,404
2026-06-02 09:15:00+00:00,filtered_trend,404
2026-06-02 23:00:00+00:00,filtered_trend,404
2026-06-02 23:00:00+00:00,filtered_trend,404
2026-06-04 02:00:00+00:00,filtered_trend,405
2026-06-04 09:30:00+00:00,filtered_trend,405
2026-06-05 05:45:00+00:00,filtered_trend,405
2026-06-05 05:45:00+00:00,filtered_trend,405
2026-06-05 14:00:00+00:00,filtered_trend,405
2026-06-05 14:00:00+00:00,filtered_trend,405
2026-06-08 04:45:00+00:00,filtered_trend,407
2026-06-14 21:30:00+00:00,filtered_trend,408
2026-06-14 21:30:00+00:00,filtered_trend,408
2026-06-26 02:15:00+00:00,filtered_trend,410
2026-07-02 12:30:00+00:00,filtered_trend,412
2026-07-02 12:30:00+00:00,filtered_trend,412
2026-07-08 15:15:00+00:00,filtered_trend,414
2026-07-10 10:30:00+00:00,filtered_trend,415
2026-07-15 13:00:00+00:00,filtered_trend,417
2023-01-08 00:00:00+00:00,2a,0
2023-01-15 00:00:00+00:00,2a,2
2023-01-22 00:00:00+00:00,2a,4
2023-01-29 00:00:00+00:00,2a,6
2023-02-05 00:00:00+00:00,2a,8
2023-02-12 00:00:00+00:00,2a,10
2023-02-19 00:00:00+00:00,2a,12
2023-02-26 00:00:00+00:00,2a,14
2023-03-05 00:00:00+00:00,2a,15
2023-03-12 00:00:00+00:00,2a,17
2023-03-19 00:00:00+00:00,2a,18
2023-03-26 00:00:00+00:00,2a,21
2023-04-02 00:00:00+00:00,2a,23
2023-04-09 00:00:00+00:00,2a,26
2023-04-16 00:00:00+00:00,2a,29
2023-04-23 00:00:00+00:00,2a,32
2023-04-30 00:00:00+00:00,2a,34
2023-05-07 00:00:00+00:00,2a,37
2023-05-14 00:00:00+00:00,2a,39
2023-05-21 00:00:00+00:00,2a,40
2023-05-28 00:00:00+00:00,2a,43
2023-06-04 00:00:00+00:00,2a,44
2023-06-11 00:00:00+00:00,2a,47
2023-06-18 00:00:00+00:00,2a,48
2023-06-25 00:00:00+00:00,2a,50
2023-07-02 00:00:00+00:00,2a,52
2023-07-09 00:00:00+00:00,2a,55
2023-07-16 00:00:00+00:00,2a,57
2023-07-23 00:00:00+00:00,2a,59
2023-07-30 00:00:00+00:00,2a,61
2023-08-06 00:00:00+00:00,2a,63
2023-08-13 00:00:00+00:00,2a,65
2023-08-20 00:00:00+00:00,2a,68
2023-08-27 00:00:00+00:00,2a,70
2023-09-03 00:00:00+00:00,2a,72
2023-09-10 00:00:00+00:00,2a,75
2023-09-17 00:00:00+00:00,2a,78
2023-09-24 00:00:00+00:00,2a,81
2023-10-01 00:00:00+00:00,2a,84
2023-10-08 00:00:00+00:00,2a,86
2023-10-15 00:00:00+00:00,2a,90
2023-10-22 00:00:00+00:00,2a,93
2023-10-29 00:00:00+00:00,2a,94
2023-11-05 00:00:00+00:00,2a,96
2023-11-12 00:00:00+00:00,2a,98
2023-11-19 00:00:00+00:00,2a,100
2023-11-26 00:00:00+00:00,2a,102
2023-12-03 00:00:00+00:00,2a,105
2023-12-10 00:00:00+00:00,2a,109
2023-12-17 00:00:00+00:00,2a,112
2023-12-24 00:00:00+00:00,2a,116
2023-12-31 00:00:00+00:00,2a,118
2024-01-07 00:00:00+00:00,2a,120
2024-01-14 00:00:00+00:00,2a,123
2024-01-21 00:00:00+00:00,2a,125
2024-01-28 00:00:00+00:00,2a,127
2024-02-04 00:00:00+00:00,2a,129
2024-02-11 00:00:00+00:00,2a,132
2024-02-18 00:00:00+00:00,2a,137
2024-02-25 00:00:00+00:00,2a,139
2024-03-03 00:00:00+00:00,2a,142
2024-03-10 00:00:00+00:00,2a,145
2024-03-17 00:00:00+00:00,2a,148
2024-03-24 00:00:00+00:00,2a,151
2024-03-31 00:00:00+00:00,2a,153
2024-04-07 00:00:00+00:00,2a,155
2024-04-14 00:00:00+00:00,2a,157
2024-04-21 00:00:00+00:00,2a,159
2024-04-28 00:00:00+00:00,2a,160
2024-05-05 00:00:00+00:00,2a,162
2024-05-12 00:00:00+00:00,2a,164
2024-05-19 00:00:00+00:00,2a,167
2024-05-26 00:00:00+00:00,2a,170
2024-06-02 00:00:00+00:00,2a,171
2024-06-09 00:00:00+00:00,2a,173
2024-06-16 00:00:00+00:00,2a,176
2024-06-23 00:00:00+00:00,2a,178
2024-06-30 00:00:00+00:00,2a,179
2024-07-07 00:00:00+00:00,2a,182
2024-07-14 00:00:00+00:00,2a,184
2024-07-21 00:00:00+00:00,2a,186
2024-07-28 00:00:00+00:00,2a,188
2024-08-04 00:00:00+00:00,2a,191
2024-08-11 00:00:00+00:00,2a,192
2024-08-18 00:00:00+00:00,2a,194
2024-08-25 00:00:00+00:00,2a,196
2024-09-01 00:00:00+00:00,2a,198
2024-09-08 00:00:00+00:00,2a,200
2024-09-15 00:00:00+00:00,2a,202
2024-09-22 00:00:00+00:00,2a,205
2024-09-29 00:00:00+00:00,2a,207
2024-10-06 00:00:00+00:00,2a,210
2024-10-13 00:00:00+00:00,2a,212
2024-10-20 00:00:00+00:00,2a,214
2024-10-27 00:00:00+00:00,2a,217
2024-11-03 00:00:00+00:00,2a,220
2024-11-10 00:00:00+00:00,2a,222
2024-11-17 00:00:00+00:00,2a,224
2024-11-24 00:00:00+00:00,2a,226
2024-12-01 00:00:00+00:00,2a,228
2024-12-08 00:00:00+00:00,2a,231
2024-12-15 00:00:00+00:00,2a,233
2024-12-22 00:00:00+00:00,2a,235
2024-12-29 00:00:00+00:00,2a,236
2025-01-05 00:00:00+00:00,2a,239
2025-01-12 00:00:00+00:00,2a,242
2025-01-19 00:00:00+00:00,2a,244
2025-01-26 00:00:00+00:00,2a,246
2025-02-02 00:00:00+00:00,2a,249
2025-02-09 00:00:00+00:00,2a,250
2025-02-16 00:00:00+00:00,2a,251
2025-02-23 00:00:00+00:00,2a,253
2025-03-02 00:00:00+00:00,2a,258
2025-03-09 00:00:00+00:00,2a,259
2025-03-16 00:00:00+00:00,2a,260
2025-03-23 00:00:00+00:00,2a,262
2025-03-30 00:00:00+00:00,2a,265
2025-04-06 00:00:00+00:00,2a,266
2025-04-13 00:00:00+00:00,2a,268
2025-04-20 00:00:00+00:00,2a,269
2025-04-27 00:00:00+00:00,2a,272
2025-05-04 00:00:00+00:00,2a,274
2025-05-11 00:00:00+00:00,2a,277
2025-05-18 00:00:00+00:00,2a,279
2025-05-25 00:00:00+00:00,2a,281
2025-06-01 00:00:00+00:00,2a,283
2025-06-08 00:00:00+00:00,2a,285
2025-06-15 00:00:00+00:00,2a,288
2025-06-22 00:00:00+00:00,2a,290
2025-06-29 00:00:00+00:00,2a,291
2025-07-06 00:00:00+00:00,2a,293
2025-07-13 00:00:00+00:00,2a,295
2025-07-20 00:00:00+00:00,2a,297
2025-07-27 00:00:00+00:00,2a,299
2025-08-03 00:00:00+00:00,2a,302
2025-08-10 00:00:00+00:00,2a,304
2025-08-17 00:00:00+00:00,2a,306
2025-08-24 00:00:00+00:00,2a,309
2025-08-31 00:00:00+00:00,2a,311
2025-09-07 00:00:00+00:00,2a,312
2025-09-14 00:00:00+00:00,2a,313
2025-09-21 00:00:00+00:00,2a,314
2025-09-28 00:00:00+00:00,2a,317
2025-10-05 00:00:00+00:00,2a,319
2025-10-12 00:00:00+00:00,2a,324
2025-10-19 00:00:00+00:00,2a,327
2025-10-26 00:00:00+00:00,2a,329
2025-11-02 00:00:00+00:00,2a,331
2025-11-09 00:00:00+00:00,2a,333
2025-11-16 00:00:00+00:00,2a,337
2025-11-23 00:00:00+00:00,2a,341
2025-11-30 00:00:00+00:00,2a,343
2025-12-07 00:00:00+00:00,2a,346
2025-12-14 00:00:00+00:00,2a,347
2025-12-21 00:00:00+00:00,2a,349
2025-12-28 00:00:00+00:00,2a,351
2026-01-04 00:00:00+00:00,2a,354
2026-01-11 00:00:00+00:00,2a,358
2026-01-18 00:00:00+00:00,2a,361
2026-01-25 00:00:00+00:00,2a,363
2026-02-01 00:00:00+00:00,2a,366
2026-02-08 00:00:00+00:00,2a,369
2026-02-15 00:00:00+00:00,2a,371
2026-02-22 00:00:00+00:00,2a,372
2026-03-01 00:00:00+00:00,2a,375
2026-03-08 00:00:00+00:00,2a,377
2026-03-15 00:00:00+00:00,2a,379
2026-03-22 00:00:00+00:00,2a,380
2026-03-29 00:00:00+00:00,2a,382
2026-04-05 00:00:00+00:00,2a,385
2026-04-12 00:00:00+00:00,2a,387
2026-04-19 00:00:00+00:00,2a,389
2026-04-26 00:00:00+00:00,2a,391
2026-05-03 00:00:00+00:00,2a,394
2026-05-10 00:00:00+00:00,2a,397
2026-05-17 00:00:00+00:00,2a,400
2026-05-24 00:00:00+00:00,2a,401
2026-05-31 00:00:00+00:00,2a,403
2026-06-07 00:00:00+00:00,2a,406
2026-06-14 00:00:00+00:00,2a,408
2026-06-21 00:00:00+00:00,2a,409
2026-06-28 00:00:00+00:00,2a,411
2026-07-05 00:00:00+00:00,2a,413
2026-07-12 00:00:00+00:00,2a,416
2026-07-19 00:00:00+00:00,2a,418
