date,equity
2023-01-08 00:00:00+00:00,10000.0
2023-01-15 00:00:00+00:00,10794.210793749073
2023-01-22 00:00:00+00:00,11002.867051240906
2023-01-29 00:00:00+00:00,11238.651562360214
2023-02-05 00:00:00+00:00,11545.010668482542
2023-02-12 00:00:00+00:00,11435.248029956792
2023-02-19 00:00:00+00:00,11308.028198370961
2023-02-26 00:00:00+00:00,11008.513874295364
2023-03-05 00:00:00+00:00,11236.17892603208
2023-03-12 00:00:00+00:00,11289.046570623981
2023-03-19 00:00:00+00:00,11288.602138653576
2023-03-26 00:00:00+00:00,10812.720133817818
2023-04-02 00:00:00+00:00,11184.33580791828
2023-04-09 00:00:00+00:00,11211.993163575564
2023-04-16 00:00:00+00:00,11866.325996481033
2023-04-23 00:00:00+00:00,11338.080659776653
2023-04-30 00:00:00+00:00,11195.603885337694
2023-05-07 00:00:00+00:00,11030.976469273584
2023-05-14 00:00:00+00:00,11242.21017975007
2023-05-21 00:00:00+00:00,11309.729090721867
2023-05-28 00:00:00+00:00,11184.456118616607
2023-06-04 00:00:00+00:00,10989.883275119722
2023-06-11 00:00:00+00:00,10732.88884358088
2023-06-18 00:00:00+00:00,10542.636773263383
2023-06-25 00:00:00+00:00,11190.238733016356
2023-07-02 00:00:00+00:00,11668.452304521907
2023-07-09 00:00:00+00:00,11371.483937123972
2023-07-16 00:00:00+00:00,11417.567849275518
2023-07-23 00:00:00+00:00,11534.568924141482
2023-07-30 00:00:00+00:00,11768.677997793431
2023-08-06 00:00:00+00:00,11531.756196113447
2023-08-13 00:00:00+00:00,11503.159551921988
2023-08-20 00:00:00+00:00,11217.293948850442
2023-08-27 00:00:00+00:00,10985.585527523008
2023-09-03 00:00:00+00:00,11004.930291990431
2023-09-10 00:00:00+00:00,11030.39970771585
2023-09-17 00:00:00+00:00,10895.062158913743
2023-09-24 00:00:00+00:00,11005.659933152087
2023-10-01 00:00:00+00:00,11265.450046909786
2023-10-08 00:00:00+00:00,11025.983563163174
2023-10-15 00:00:00+00:00,11031.962545876857
2023-10-22 00:00:00+00:00,11033.04426151995
2023-10-29 00:00:00+00:00,11495.855916519298
2023-11-05 00:00:00+00:00,11991.836295051247
2023-11-12 00:00:00+00:00,12407.074160827002
2023-11-19 00:00:00+00:00,12823.365537665539
2023-11-26 00:00:00+00:00,12393.5713104138
2023-12-03 00:00:00+00:00,12014.36892931889
2023-12-10 00:00:00+00:00,12501.75528708073
2023-12-17 00:00:00+00:00,13209.412976398391
2023-12-24 00:00:00+00:00,13028.507183889253
2023-12-31 00:00:00+00:00,12554.307335176845
2024-01-07 00:00:00+00:00,12589.122717076703
2024-01-14 00:00:00+00:00,12719.798752028599
2024-01-21 00:00:00+00:00,12584.721254032704
2024-01-28 00:00:00+00:00,12273.705191479272
2024-02-04 00:00:00+00:00,12012.533825441933
2024-02-11 00:00:00+00:00,11785.60658431922
2024-02-18 00:00:00+00:00,11618.085395289812
2024-02-25 00:00:00+00:00,12431.151850997454
2024-03-03 00:00:00+00:00,12228.966508467687
2024-03-10 00:00:00+00:00,11823.448254539977
2024-03-17 00:00:00+00:00,12313.852637786405
2024-03-24 00:00:00+00:00,11617.288979824545
2024-03-31 00:00:00+00:00,12308.76262806873
2024-04-07 00:00:00+00:00,12180.433259865242
2024-04-14 00:00:00+00:00,12753.144208708167
2024-04-21 00:00:00+00:00,12527.301463034875
2024-04-28 00:00:00+00:00,12505.011904649413
2024-05-05 00:00:00+00:00,12412.636027199062
2024-05-12 00:00:00+00:00,12103.035565061642
2024-05-19 00:00:00+00:00,11864.675593331625
2024-05-26 00:00:00+00:00,12363.11201751387
2024-06-02 00:00:00+00:00,12186.651037873122
2024-06-09 00:00:00+00:00,12688.16129697574
2024-06-16 00:00:00+00:00,13090.647064606805
2024-06-23 00:00:00+00:00,13307.045702634688
2024-06-30 00:00:00+00:00,12659.978003674329
2024-07-07 00:00:00+00:00,12668.484493946491
2024-07-14 00:00:00+00:00,12870.497353764058
2024-07-21 00:00:00+00:00,12554.440612738614
2024-07-28 00:00:00+00:00,12272.489613147123
2024-08-04 00:00:00+00:00,12797.806329491383
2024-08-11 00:00:00+00:00,13562.03052022245
2024-08-18 00:00:00+00:00,13247.79564884135
2024-08-25 00:00:00+00:00,13403.368029667598
2024-09-01 00:00:00+00:00,13215.63245177798
2024-09-08 00:00:00+00:00,13109.24894977965
2024-09-15 00:00:00+00:00,13122.515406192615
2024-09-22 00:00:00+00:00,13285.796247618735
2024-09-29 00:00:00+00:00,13269.815223125812
2024-10-06 00:00:00+00:00,12918.75452056243
2024-10-13 00:00:00+00:00,13221.476904403968
2024-10-20 00:00:00+00:00,12698.841028767558
2024-10-27 00:00:00+00:00,12836.02834943177
2024-11-03 00:00:00+00:00,13202.730256365692
2024-11-10 00:00:00+00:00,13478.526385361754
2024-11-17 00:00:00+00:00,13341.895257839657
2024-11-24 00:00:00+00:00,15437.379752475497
2024-12-01 00:00:00+00:00,16634.257130468708
2024-12-08 00:00:00+00:00,17217.245777771503
2024-12-15 00:00:00+00:00,18338.516711649274
2024-12-22 00:00:00+00:00,18784.41249763891
2024-12-29 00:00:00+00:00,19046.036673014427
2025-01-05 00:00:00+00:00,17476.979262276454
2025-01-12 00:00:00+00:00,17183.244524193688
2025-01-19 00:00:00+00:00,17256.538547247896
2025-01-26 00:00:00+00:00,17606.824573100606
2025-02-02 00:00:00+00:00,18235.739267372745
2025-02-09 00:00:00+00:00,19205.603329111756
2025-02-16 00:00:00+00:00,18856.566239186293
2025-02-23 00:00:00+00:00,18852.69587350556
2025-03-02 00:00:00+00:00,18527.674609478585
2025-03-09 00:00:00+00:00,17874.998882189957
2025-03-16 00:00:00+00:00,17890.771933010055
2025-03-23 00:00:00+00:00,17667.912417291875
2025-03-30 00:00:00+00:00,17081.21982063963
2025-04-06 00:00:00+00:00,17955.293975359953
2025-04-13 00:00:00+00:00,17521.44242202663
2025-04-20 00:00:00+00:00,17709.393217086224
2025-04-27 00:00:00+00:00,18175.20541805189
2025-05-04 00:00:00+00:00,17960.45703004338
2025-05-11 00:00:00+00:00,18131.559013017857
2025-05-18 00:00:00+00:00,17668.788885906662
2025-05-25 00:00:00+00:00,17841.29871646379
2025-06-01 00:00:00+00:00,17922.820062531147
2025-06-08 00:00:00+00:00,18122.857853482332
2025-06-15 00:00:00+00:00,18353.45569862022
2025-06-22 00:00:00+00:00,18622.074470211428
2025-06-29 00:00:00+00:00,17818.36416389309
2025-07-06 00:00:00+00:00,17655.11699534792
2025-07-13 00:00:00+00:00,18877.755096587276
2025-07-20 00:00:00+00:00,19743.279500661985
2025-07-27 00:00:00+00:00,19577.34392686361
2025-08-03 00:00:00+00:00,19542.48390801444
2025-08-10 00:00:00+00:00,18556.938482130572
2025-08-17 00:00:00+00:00,18865.716864038528
2025-08-24 00:00:00+00:00,18587.96665649577
2025-08-31 00:00:00+00:00,18794.020386925287
2025-09-07 00:00:00+00:00,19201.811980379556
2025-09-14 00:00:00+00:00,19918.52624771842
2025-09-21 00:00:00+00:00,20436.36032196768
2025-09-28 00:00:00+00:00,21316.49942810815
2025-10-05 00:00:00+00:00,25071.486704859282
2025-10-12 00:00:00+00:00,28445.99767625797
2025-10-19 00:00:00+00:00,28780.29620217451
2025-10-26 00:00:00+00:00,27544.740808045215
2025-11-02 00:00:00+00:00,28837.316059870343
2025-11-09 00:00:00+00:00,31074.492437711342
2025-11-16 00:00:00+00:00,32430.08883968964
2025-11-23 00:00:00+00:00,33125.51830308459
2025-11-30 00:00:00+00:00,34354.63206731539
2025-12-07 00:00:00+00:00,35418.84941635059
2025-12-14 00:00:00+00:00,34450.54797492389
2025-12-21 00:00:00+00:00,35785.38246572259
2025-12-28 00:00:00+00:00,36416.58730028155
2026-01-04 00:00:00+00:00,36275.69391417712
2026-01-11 00:00:00+00:00,35245.414762072716
2026-01-18 00:00:00+00:00,36482.84923716085
2026-01-25 00:00:00+00:00,36281.606383449966
2026-02-01 00:00:00+00:00,37864.56107774968
2026-02-08 00:00:00+00:00,37690.203850005666
2026-02-15 00:00:00+00:00,37289.470991590504
2026-02-22 00:00:00+00:00,35713.172505892144
2026-03-01 00:00:00+00:00,35710.601370048
2026-03-08 00:00:00+00:00,36196.77975042953
2026-03-15 00:00:00+00:00,36232.33736520006
2026-03-22 00:00:00+00:00,35453.536582035624
2026-03-29 00:00:00+00:00,34891.36733493514
2026-04-05 00:00:00+00:00,35088.50692008796
2026-04-12 00:00:00+00:00,37912.44165749229
2026-04-19 00:00:00+00:00,37095.223359969896
2026-04-26 00:00:00+00:00,36532.581964991405
2026-05-03 00:00:00+00:00,38195.08296519771
2026-05-10 00:00:00+00:00,38259.927622359966
2026-05-17 00:00:00+00:00,37408.86055551094
2026-05-24 00:00:00+00:00,40767.83031184792
2026-05-31 00:00:00+00:00,42124.73553117187
2026-06-07 00:00:00+00:00,42615.268505536595
2026-06-14 00:00:00+00:00,42456.297210820914
2026-06-21 00:00:00+00:00,42619.09946658496
2026-06-28 00:00:00+00:00,43529.076517128226
2026-07-05 00:00:00+00:00,43045.147567649845
2026-07-12 00:00:00+00:00,41952.465235389645
2026-07-19 00:00:00+00:00,41635.55036211327
2026-07-26 00:00:00+00:00,41732.22061507525
