exit_time,weekly_return
2023-01-15 00:00:00+00:00,0.14465064573766606
2023-01-22 00:00:00+00:00,0.03003699132156507
2023-01-29 00:00:00+00:00,0.051742760279289354
2023-02-05 00:00:00+00:00,0.05938145435913155
2023-02-12 00:00:00+00:00,-0.023155412391545567
2023-02-19 00:00:00+00:00,-0.04783688771860045
2023-02-26 00:00:00+00:00,-0.05048099706975228
2023-03-05 00:00:00+00:00,0.040265336339549214
2023-03-12 00:00:00+00:00,-0.008454948586589364
2023-03-19 00:00:00+00:00,0.003387817395807504
2023-03-26 00:00:00+00:00,-0.07096678367867931
2023-04-02 00:00:00+00:00,0.06473083994594539
2023-04-09 00:00:00+00:00,0.01790649353897912
2023-04-16 00:00:00+00:00,0.10905577583463434
2023-04-23 00:00:00+00:00,-0.09928776667592859
2023-04-30 00:00:00+00:00,-0.032898887775204465
2023-05-07 00:00:00+00:00,-0.02665125029789512
2023-05-14 00:00:00+00:00,0.03219749348720583
2023-05-21 00:00:00+00:00,0.009636431179137744
2023-05-28 00:00:00+00:00,-0.004964224762022661
2023-06-04 00:00:00+00:00,-0.03202799998998495
2023-06-11 00:00:00+00:00,-0.04893694136785143
2023-06-18 00:00:00+00:00,-0.04119675048063456
2023-06-25 00:00:00+00:00,0.10592386079980617
2023-07-02 00:00:00+00:00,0.09284578399852159
2023-07-09 00:00:00+00:00,-0.04675645150388806
2023-07-16 00:00:00+00:00,0.0014567170435373883
2023-07-23 00:00:00+00:00,0.023770093698091646
2023-07-30 00:00:00+00:00,0.04363590993623442
2023-08-06 00:00:00+00:00,-0.0490631917848335
2023-08-13 00:00:00+00:00,-0.009242459613561557
2023-08-20 00:00:00+00:00,-0.09524666108500288
2023-08-27 00:00:00+00:00,-0.03369278463289887
2023-09-03 00:00:00+00:00,0.0059052195604839125
2023-09-10 00:00:00+00:00,0.0136358658643505
2023-09-17 00:00:00+00:00,-0.027311054885148622
2023-09-24 00:00:00+00:00,0.011514689967975082
2023-10-01 00:00:00+00:00,0.042608437245702575
2023-10-08 00:00:00+00:00,-0.03742438487620697
2023-10-15 00:00:00+00:00,0.0019971353093847463
2023-10-22 00:00:00+00:00,0.0044364138214430604
2023-10-29 00:00:00+00:00,0.06828102514172414
2023-11-05 00:00:00+00:00,0.0951595381696358
2023-11-12 00:00:00+00:00,0.06761216107830485
2023-11-19 00:00:00+00:00,0.0557531507835232
2023-11-26 00:00:00+00:00,-0.059039708109801
2023-12-03 00:00:00+00:00,-0.04770231742410817
2023-12-10 00:00:00+00:00,0.0858773808488191
2023-12-17 00:00:00+00:00,0.1064918647751573
2023-12-24 00:00:00+00:00,-0.031026598824475688
2023-12-31 00:00:00+00:00,-0.09909367353816725
2024-01-07 00:00:00+00:00,0.009281364866436697
2024-01-14 00:00:00+00:00,-0.022670485193132292
2024-01-21 00:00:00+00:00,-0.019865507709875354
2024-01-28 00:00:00+00:00,-0.056408375638242234
2024-02-04 00:00:00+00:00,-0.044848378016166
2024-02-11 00:00:00+00:00,-0.03812429756714937
2024-02-18 00:00:00+00:00,-0.040258946328389215
2024-02-25 00:00:00+00:00,0.14302456130578664
2024-03-03 00:00:00+00:00,-0.051516792550366626
2024-03-10 00:00:00+00:00,-0.08402722429723775
2024-03-17 00:00:00+00:00,0.0807575173738302
2024-03-24 00:00:00+00:00,-0.10479518197419711
2024-03-31 00:00:00+00:00,0.12094145324362073
2024-04-07 00:00:00+00:00,-0.02112823727866573
2024-04-14 00:00:00+00:00,0.0908025438328759
2024-04-21 00:00:00+00:00,-0.026324961138068526
2024-04-28 00:00:00+00:00,-0.001763536212357516
2024-05-05 00:00:00+00:00,-0.022064450203835635
2024-05-12 00:00:00+00:00,-0.05435661459704203
2024-05-19 00:00:00+00:00,-0.0432391933690032
2024-05-26 00:00:00+00:00,0.07158929035365247
2024-06-02 00:00:00+00:00,-0.03194478913275062
2024-06-09 00:00:00+00:00,0.08546362661043302
2024-06-16 00:00:00+00:00,0.06066465658996419
2024-06-23 00:00:00+00:00,0.0360783046071531
2024-06-30 00:00:00+00:00,-0.09151741050836511
2024-07-07 00:00:00+00:00,0.004099066674976821
2024-07-14 00:00:00+00:00,0.034635344688099985
2024-07-21 00:00:00+00:00,-0.059844052842889954
2024-07-28 00:00:00+00:00,-0.0626973790460426
2024-08-04 00:00:00+00:00,0.07937423390913403
2024-08-11 00:00:00+00:00,0.09008797455333287
2024-08-18 00:00:00+00:00,-0.04393735950122183
2024-08-25 00:00:00+00:00,0.015022795970048056
2024-09-01 00:00:00+00:00,-0.05395740727418426
2024-09-08 00:00:00+00:00,-0.021242288401651637
2024-09-15 00:00:00+00:00,-0.004917900886248588
2024-09-22 00:00:00+00:00,0.027685066159580437
2024-09-29 00:00:00+00:00,-0.010165939429802909
2024-10-06 00:00:00+00:00,-0.05861550315047204
2024-10-13 00:00:00+00:00,0.055827852458976784
2024-10-20 00:00:00+00:00,-0.08416949642167788
2024-10-27 00:00:00+00:00,0.01930384746148935
2024-11-03 00:00:00+00:00,0.067588234934354
2024-11-10 00:00:00+00:00,0.015605595231332045
2024-11-17 00:00:00+00:00,-0.01571764075415412
2024-11-24 00:00:00+00:00,0.3281558492591206
2024-12-01 00:00:00+00:00,0.14463921430231777
2024-12-08 00:00:00+00:00,0.08394029651784635
2024-12-15 00:00:00+00:00,0.11498877993551868
2024-12-22 00:00:00+00:00,0.029997574022780256
2024-12-29 00:00:00+00:00,0.025969878665766243
2025-01-05 00:00:00+00:00,-0.17266520683083275
2025-01-12 00:00:00+00:00,-0.034869937381050924
2025-01-19 00:00:00+00:00,0.0002497360855134801
2025-01-26 00:00:00+00:00,0.04447371516347257
2025-02-02 00:00:00+00:00,0.0698070145655154
2025-02-09 00:00:00+00:00,0.0874769855071566
2025-02-16 00:00:00+00:00,-0.03837070656666252
2025-02-23 00:00:00+00:00,-0.009130533997146273
2025-03-02 00:00:00+00:00,-0.04385193889529821
2025-03-09 00:00:00+00:00,-0.07784800794283547
2025-03-16 00:00:00+00:00,-0.009138116291539223
2025-03-23 00:00:00+00:00,-0.028607457577135766
2025-03-30 00:00:00+00:00,-0.06476376876113164
2025-04-06 00:00:00+00:00,0.08164725249186142
2025-04-13 00:00:00+00:00,-0.018274417207116835
2025-04-20 00:00:00+00:00,0.014276805920083221
2025-04-27 00:00:00+00:00,0.016208975021610714
2025-05-04 00:00:00+00:00,-0.03828808526824182
2025-05-11 00:00:00+00:00,-0.045698169437412096
2025-05-18 00:00:00+00:00,-0.068409443392605
2025-05-25 00:00:00+00:00,0.017813467832020036
2025-06-01 00:00:00+00:00,0.018694418565202042
2025-06-08 00:00:00+00:00,0.01667447686652434
2025-06-15 00:00:00+00:00,0.04036557929100214
2025-06-22 00:00:00+00:00,0.022110083102532107
2025-06-29 00:00:00+00:00,-0.08824258886324868
2025-07-06 00:00:00+00:00,-0.03833068089955464
2025-07-13 00:00:00+00:00,0.13914800767612534
2025-07-20 00:00:00+00:00,0.07689424241945364
2025-07-27 00:00:00+00:00,-0.005834851179576818
2025-08-03 00:00:00+00:00,0.0015194387731286756
2025-08-10 00:00:00+00:00,-0.12232249552950908
2025-08-17 00:00:00+00:00,0.01994323680652706
2025-08-24 00:00:00+00:00,-0.019379136898888778
2025-08-31 00:00:00+00:00,0.032302954661543266
2025-09-07 00:00:00+00:00,0.04204924310225796
2025-09-14 00:00:00+00:00,0.060428213175540084
2025-09-21 00:00:00+00:00,0.04947520970743979
2025-09-28 00:00:00+00:00,0.0518766288867151
2025-10-05 00:00:00+00:00,0.3531731424328357
2025-10-12 00:00:00+00:00,0.24038276686648474
2025-10-19 00:00:00+00:00,0.01806588753610134
2025-10-26 00:00:00+00:00,-0.10572893316658179
2025-11-02 00:00:00+00:00,0.09586945479507053
2025-11-09 00:00:00+00:00,0.15626421562201168
2025-11-16 00:00:00+00:00,0.09811158087917268
2025-11-23 00:00:00+00:00,0.04922302699736217
2025-11-30 00:00:00+00:00,0.07768689978202123
2025-12-07 00:00:00+00:00,0.04245857906166478
2025-12-14 00:00:00+00:00,-0.05603861620003518
2025-12-21 00:00:00+00:00,0.0644583358178452
2025-12-28 00:00:00+00:00,0.039236299946174766
2026-01-04 00:00:00+00:00,-0.020186015635222612
2026-01-11 00:00:00+00:00,-0.049053794779741686
2026-01-18 00:00:00+00:00,0.046475030532571994
2026-01-25 00:00:00+00:00,-0.030789626561387225
2026-02-01 00:00:00+00:00,0.05488854333203486
2026-02-08 00:00:00+00:00,-0.013218642365515466
2026-02-15 00:00:00+00:00,-0.03017897254984003
2026-02-22 00:00:00+00:00,-0.09524010501169311
2026-03-01 00:00:00+00:00,-0.01936250309484334
2026-03-08 00:00:00+00:00,0.030769937069593502
2026-03-15 00:00:00+00:00,-0.0070957154163079385
2026-03-22 00:00:00+00:00,-0.06822651452166556
2026-03-29 00:00:00+00:00,-0.017476023158727743
2026-04-05 00:00:00+00:00,0.015305508794084908
2026-04-12 00:00:00+00:00,0.15332809950233708
2026-04-19 00:00:00+00:00,-0.051237162173996174
2026-04-26 00:00:00+00:00,-0.01766886361611386
2026-05-03 00:00:00+00:00,0.06139920244671841
2026-05-10 00:00:00+00:00,0.003595547969364525
2026-05-17 00:00:00+00:00,-0.05397411129493433
2026-05-24 00:00:00+00:00,0.17837252893849745
2026-05-31 00:00:00+00:00,0.07201883921814375
2026-06-07 00:00:00+00:00,0.023794980072309693
2026-06-14 00:00:00+00:00,-0.004105661263815638
2026-06-21 00:00:00+00:00,-0.028461601604860186
2026-06-28 00:00:00+00:00,0.046732826989185156
2026-07-05 00:00:00+00:00,-0.03382308758207959
2026-07-12 00:00:00+00:00,-0.03855244652125832
2026-07-19 00:00:00+00:00,-0.01059212719209157
2026-07-26 00:00:00+00:00,0.0015746559721502057
