entry_time,exit_time,gross_return,txn_cost,funding_cost,net_return,n_changes,n_slots,turnover
2023-01-08 00:00:00+00:00,2023-01-15 00:00:00+00:00,0.14743542973766605,0.0016,0.001184784,0.14465064573766606,10,10,1.0
2023-01-15 00:00:00+00:00,2023-01-22 00:00:00+00:00,0.033110437321565066,0.0016,0.0014734459999999996,0.03003699132156507,10,10,1.0
2023-01-22 00:00:00+00:00,2023-01-29 00:00:00+00:00,0.053327186279289354,0.0016,-1.557399999999986e-05,0.051742760279289354,10,10,1.0
2023-01-29 00:00:00+00:00,2023-02-05 00:00:00+00:00,0.06195072235913155,0.0022400000000000002,0.00032926799999999975,0.05938145435913155,14,10,1.4
2023-02-05 00:00:00+00:00,2023-02-12 00:00:00+00:00,-0.02083512639154557,0.0022400000000000002,8.028600000000016e-05,-0.023155412391545567,14,10,1.4
2023-02-12 00:00:00+00:00,2023-02-19 00:00:00+00:00,-0.043863767718600455,0.0022400000000000002,0.0017331199999999999,-0.04783688771860045,14,10,1.4
2023-02-19 00:00:00+00:00,2023-02-26 00:00:00+00:00,-0.04732285906975228,0.00288,0.00027813800000000026,-0.05048099706975228,18,10,1.8
2023-02-26 00:00:00+00:00,2023-03-05 00:00:00+00:00,0.04136163233954922,0.0032,-0.0021037040000000005,0.040265336339549214,20,10,2.0
2023-03-05 00:00:00+00:00,2023-03-12 00:00:00+00:00,-0.0075247365865893645,0.0016,-0.0006697880000000003,-0.008454948586589364,10,10,1.0
2023-03-12 00:00:00+00:00,2023-03-19 00:00:00+00:00,0.004410431395807504,0.0019200000000000003,-0.0008973859999999999,0.003387817395807504,12,10,1.2
2023-03-19 00:00:00+00:00,2023-03-26 00:00:00+00:00,-0.0731620756786793,0.0022400000000000002,-0.0044352919999999995,-0.07096678367867931,14,10,1.4
2023-03-26 00:00:00+00:00,2023-04-02 00:00:00+00:00,0.06873675994594539,0.0032,0.0008059199999999999,0.06473083994594539,20,10,2.0
2023-04-02 00:00:00+00:00,2023-04-09 00:00:00+00:00,0.01647816153897912,0.0016,-0.0030283320000000003,0.01790649353897912,10,10,1.0
2023-04-09 00:00:00+00:00,2023-04-16 00:00:00+00:00,0.10741210383463434,0.0022400000000000002,-0.003883672000000001,0.10905577583463434,14,10,1.4
2023-04-16 00:00:00+00:00,2023-04-23 00:00:00+00:00,-0.09797144467592858,0.0019200000000000003,-0.0006036780000000004,-0.09928776667592859,12,10,1.2
2023-04-23 00:00:00+00:00,2023-04-30 00:00:00+00:00,-0.03125338977520446,0.0032,-0.0015545019999999993,-0.032898887775204465,20,10,2.0
2023-04-30 00:00:00+00:00,2023-05-07 00:00:00+00:00,-0.02821023229789512,0.00256,-0.004118982000000001,-0.02665125029789512,16,10,1.6
2023-05-07 00:00:00+00:00,2023-05-14 00:00:00+00:00,0.03585843348720583,0.0032,0.00046093999999999996,0.03219749348720583,20,10,2.0
2023-05-14 00:00:00+00:00,2023-05-21 00:00:00+00:00,0.012011679179137745,0.0016,0.0007752480000000003,0.009636431179137744,10,10,1.0
2023-05-21 00:00:00+00:00,2023-05-28 00:00:00+00:00,-0.00453739476202266,0.0022400000000000002,-0.00181317,-0.004964224762022661,14,10,1.4
2023-05-28 00:00:00+00:00,2023-06-04 00:00:00+00:00,-0.02912752798998495,0.00288,2.0471999999999786e-05,-0.03202799998998495,18,10,1.8
2023-06-04 00:00:00+00:00,2023-06-11 00:00:00+00:00,-0.04773375936785143,0.00288,-0.0016768180000000003,-0.04893694136785143,18,10,1.8
2023-06-11 00:00:00+00:00,2023-06-18 00:00:00+00:00,-0.035452164480634554,0.00288,0.0028645859999999997,-0.04119675048063456,18,10,1.8
2023-06-18 00:00:00+00:00,2023-06-25 00:00:00+00:00,0.10820814479980617,0.00288,-0.0005957160000000003,0.10592386079980617,18,10,1.8
2023-06-25 00:00:00+00:00,2023-07-02 00:00:00+00:00,0.0925640979985216,0.0022400000000000002,-0.002521686000000001,0.09284578399852159,14,10,1.4
2023-07-02 00:00:00+00:00,2023-07-09 00:00:00+00:00,-0.04767532350388806,0.0022400000000000002,-0.003158872,-0.04675645150388806,14,10,1.4
2023-07-09 00:00:00+00:00,2023-07-16 00:00:00+00:00,0.004795187043537388,0.00288,0.00045846999999999983,0.0014567170435373883,18,10,1.8
2023-07-16 00:00:00+00:00,2023-07-23 00:00:00+00:00,0.026108315698091647,0.0022400000000000002,9.822200000000046e-05,0.023770093698091646,14,10,1.4
2023-07-23 00:00:00+00:00,2023-07-30 00:00:00+00:00,0.04613262593623442,0.00256,-6.328400000000004e-05,0.04363590993623442,16,10,1.6
2023-07-30 00:00:00+00:00,2023-08-06 00:00:00+00:00,-0.04733139778483351,0.0019200000000000003,-0.000188206,-0.0490631917848335,12,10,1.2
2023-08-06 00:00:00+00:00,2023-08-13 00:00:00+00:00,-0.006816369613561557,0.00288,-0.0004539100000000001,-0.009242459613561557,18,10,1.8
2023-08-13 00:00:00+00:00,2023-08-20 00:00:00+00:00,-0.08972244508500288,0.00288,0.002644216,-0.09524666108500288,18,10,1.8
2023-08-20 00:00:00+00:00,2023-08-27 00:00:00+00:00,-0.03187773463289887,0.0032,-0.0013849500000000002,-0.03369278463289887,20,10,2.0
2023-08-27 00:00:00+00:00,2023-09-03 00:00:00+00:00,0.009115569560483913,0.00256,0.0006503500000000005,0.0059052195604839125,16,10,1.6
2023-09-03 00:00:00+00:00,2023-09-10 00:00:00+00:00,0.0159829118643505,0.0019200000000000003,0.00042704599999999994,0.0136358658643505,12,10,1.2
2023-09-10 00:00:00+00:00,2023-09-17 00:00:00+00:00,-0.024186010885148622,0.0022400000000000002,0.0008850440000000002,-0.027311054885148622,14,10,1.4
2023-09-17 00:00:00+00:00,2023-09-24 00:00:00+00:00,0.014083343967975082,0.00256,8.654000000000165e-06,0.011514689967975082,16,10,1.6
2023-09-24 00:00:00+00:00,2023-10-01 00:00:00+00:00,0.04601293924570257,0.0022400000000000002,0.0011645020000000004,0.042608437245702575,14,10,1.4
2023-10-01 00:00:00+00:00,2023-10-08 00:00:00+00:00,-0.03685546687620698,0.0016,-0.0010310820000000002,-0.03742438487620697,10,10,1.0
2023-10-08 00:00:00+00:00,2023-10-15 00:00:00+00:00,0.005844493309384746,0.0032,0.0006473579999999998,0.0019971353093847463,20,10,2.0
2023-10-15 00:00:00+00:00,2023-10-22 00:00:00+00:00,0.006010119821443061,0.0022400000000000002,-0.0006662940000000001,0.0044364138214430604,14,10,1.4
2023-10-22 00:00:00+00:00,2023-10-29 00:00:00+00:00,0.06983336514172415,0.00256,-0.0010076599999999998,0.06828102514172414,16,10,1.6
2023-10-29 00:00:00+00:00,2023-11-05 00:00:00+00:00,0.0970209681696358,0.0019200000000000003,-5.857000000000019e-05,0.0951595381696358,12,10,1.2
2023-11-05 00:00:00+00:00,2023-11-12 00:00:00+00:00,0.07009763707830485,0.0019200000000000003,0.000565476,0.06761216107830485,12,10,1.2
2023-11-12 00:00:00+00:00,2023-11-19 00:00:00+00:00,0.058347088783523196,0.0022400000000000002,0.0003539379999999998,0.0557531507835232,14,10,1.4
2023-11-19 00:00:00+00:00,2023-11-26 00:00:00+00:00,-0.056770720109801,0.0022400000000000002,2.8987999999999974e-05,-0.059039708109801,14,10,1.4
2023-11-26 00:00:00+00:00,2023-12-03 00:00:00+00:00,-0.04518149742410817,0.0032,-0.0006791800000000001,-0.04770231742410817,20,10,2.0
2023-12-03 00:00:00+00:00,2023-12-10 00:00:00+00:00,0.08914657884881909,0.00288,0.000389198,0.0858773808488191,18,10,1.8
2023-12-10 00:00:00+00:00,2023-12-17 00:00:00+00:00,0.11133110477515731,0.0022400000000000002,0.00259924,0.1064918647751573,14,10,1.4
2023-12-17 00:00:00+00:00,2023-12-24 00:00:00+00:00,-0.03177946082447569,0.0019200000000000003,-0.0026728620000000002,-0.031026598824475688,12,10,1.2
2023-12-24 00:00:00+00:00,2023-12-31 00:00:00+00:00,-0.09651379353816725,0.0019200000000000003,0.0006598800000000014,-0.09909367353816725,12,10,1.2
2023-12-31 00:00:00+00:00,2024-01-07 00:00:00+00:00,0.006931652866436697,0.00288,-0.005229712000000002,0.009281364866436697,18,10,1.8
2024-01-07 00:00:00+00:00,2024-01-14 00:00:00+00:00,-0.02220592519313229,0.0019200000000000003,-0.0014554400000000001,-0.022670485193132292,12,10,1.2
2024-01-14 00:00:00+00:00,2024-01-21 00:00:00+00:00,-0.015827207709875356,0.00256,0.0014782999999999997,-0.019865507709875354,16,10,1.6
2024-01-21 00:00:00+00:00,2024-01-28 00:00:00+00:00,-0.05491114363824223,0.00256,-0.0010627680000000002,-0.056408375638242234,16,10,1.6
2024-01-28 00:00:00+00:00,2024-02-04 00:00:00+00:00,-0.041613740016166,0.0032,3.463799999999981e-05,-0.044848378016166,20,10,2.0
2024-02-04 00:00:00+00:00,2024-02-11 00:00:00+00:00,-0.04371304956714937,0.0022400000000000002,-0.007828752000000001,-0.03812429756714937,14,10,1.4
2024-02-11 00:00:00+00:00,2024-02-18 00:00:00+00:00,-0.037235940328389214,0.0022400000000000002,0.0007830059999999997,-0.040258946328389215,14,10,1.4
2024-02-18 00:00:00+00:00,2024-02-25 00:00:00+00:00,0.14575040130578665,0.00256,0.0001658399999999993,0.14302456130578664,16,10,1.6
2024-02-25 00:00:00+00:00,2024-03-03 00:00:00+00:00,-0.05444440255036663,0.0016,-0.00452761,-0.051516792550366626,10,10,1.0
2024-03-03 00:00:00+00:00,2024-03-10 00:00:00+00:00,-0.07902641229723775,0.00288,0.0021208120000000023,-0.08402722429723775,18,10,1.8
2024-03-10 00:00:00+00:00,2024-03-17 00:00:00+00:00,0.0855108653738302,0.00288,0.0018733480000000006,0.0807575173738302,18,10,1.8
2024-03-17 00:00:00+00:00,2024-03-24 00:00:00+00:00,-0.1020866399741971,0.00256,0.00014854199999999923,-0.10479518197419711,16,10,1.6
2024-03-24 00:00:00+00:00,2024-03-31 00:00:00+00:00,0.12462758124362072,0.00288,0.0008061279999999984,0.12094145324362073,18,10,1.8
2024-03-31 00:00:00+00:00,2024-04-07 00:00:00+00:00,-0.020286477278665727,0.0019200000000000003,-0.0010782399999999994,-0.02112823727866573,12,10,1.2
2024-04-07 00:00:00+00:00,2024-04-14 00:00:00+00:00,0.09205329183287592,0.0022400000000000002,-0.0009892519999999993,0.0908025438328759,14,10,1.4
2024-04-14 00:00:00+00:00,2024-04-21 00:00:00+00:00,-0.024139473138068523,0.0019200000000000003,0.0002654879999999999,-0.026324961138068526,12,10,1.2
2024-04-21 00:00:00+00:00,2024-04-28 00:00:00+00:00,0.0023149857876424845,0.00288,0.0011985220000000003,-0.001763536212357516,18,10,1.8
2024-04-28 00:00:00+00:00,2024-05-05 00:00:00+00:00,-0.020774190203835637,0.00256,-0.0012697400000000003,-0.022064450203835635,16,10,1.6
2024-05-05 00:00:00+00:00,2024-05-12 00:00:00+00:00,-0.05142530259704203,0.0022400000000000002,0.0006913119999999999,-0.05435661459704203,14,10,1.4
2024-05-12 00:00:00+00:00,2024-05-19 00:00:00+00:00,-0.0423186793690032,0.00288,-0.001959486,-0.0432391933690032,18,10,1.8
2024-05-19 00:00:00+00:00,2024-05-26 00:00:00+00:00,0.07485575035365247,0.00288,0.00038646000000000004,0.07158929035365247,18,10,1.8
2024-05-26 00:00:00+00:00,2024-06-02 00:00:00+00:00,-0.028546369132750615,0.00256,0.0008384200000000001,-0.03194478913275062,16,10,1.6
2024-06-02 00:00:00+00:00,2024-06-09 00:00:00+00:00,0.08770373061043302,0.00288,-0.0006398959999999996,0.08546362661043302,18,10,1.8
2024-06-09 00:00:00+00:00,2024-06-16 00:00:00+00:00,0.06139240258996419,0.0016,-0.000872254,0.06066465658996419,10,10,1.0
2024-06-16 00:00:00+00:00,2024-06-23 00:00:00+00:00,0.038622184607153096,0.0022400000000000002,0.0003038800000000002,0.0360783046071531,14,10,1.4
2024-06-23 00:00:00+00:00,2024-06-30 00:00:00+00:00,-0.0893904805083651,0.0022400000000000002,-0.0001130699999999997,-0.09151741050836511,14,10,1.4
2024-06-30 00:00:00+00:00,2024-07-07 00:00:00+00:00,0.006529652674976821,0.00288,-0.0004494140000000002,0.004099066674976821,18,10,1.8
2024-07-07 00:00:00+00:00,2024-07-14 00:00:00+00:00,0.037034828688099986,0.0022400000000000002,0.000159484,0.034635344688099985,14,10,1.4
2024-07-14 00:00:00+00:00,2024-07-21 00:00:00+00:00,-0.05666053484288995,0.00256,0.0006235180000000001,-0.059844052842889954,16,10,1.6
2024-07-21 00:00:00+00:00,2024-07-28 00:00:00+00:00,-0.0590040550460426,0.00288,0.000813324,-0.0626973790460426,18,10,1.8
2024-07-28 00:00:00+00:00,2024-08-04 00:00:00+00:00,0.08184410990913404,0.00256,-9.012400000000018e-05,0.07937423390913403,16,10,1.6
2024-08-04 00:00:00+00:00,2024-08-11 00:00:00+00:00,0.09427183855333288,0.0016,0.002583864,0.09008797455333287,10,10,1.0
2024-08-11 00:00:00+00:00,2024-08-18 00:00:00+00:00,-0.04074711550122183,0.0022400000000000002,0.0009502440000000002,-0.04393735950122183,14,10,1.4
2024-08-18 00:00:00+00:00,2024-08-25 00:00:00+00:00,0.017943421970048057,0.00288,4.062600000000007e-05,0.015022795970048056,18,10,1.8
2024-08-25 00:00:00+00:00,2024-09-01 00:00:00+00:00,-0.05091344727418426,0.00256,0.00048395999999999997,-0.05395740727418426,16,10,1.6
2024-09-01 00:00:00+00:00,2024-09-08 00:00:00+00:00,-0.020113944401651637,0.00256,-0.001431656,-0.021242288401651637,16,10,1.6
2024-09-08 00:00:00+00:00,2024-09-15 00:00:00+00:00,-0.0022001368862485868,0.00288,-0.00016223599999999993,-0.004917900886248588,18,10,1.8
2024-09-15 00:00:00+00:00,2024-09-22 00:00:00+00:00,0.030455488159580435,0.00256,0.00021042199999999999,0.027685066159580437,16,10,1.6
2024-09-22 00:00:00+00:00,2024-09-29 00:00:00+00:00,-0.007169663429802908,0.0022400000000000002,0.000756276,-0.010165939429802909,14,10,1.4
2024-09-29 00:00:00+00:00,2024-10-06 00:00:00+00:00,-0.055404261150472034,0.00288,0.00033124200000000025,-0.05861550315047204,18,10,1.8
2024-10-06 00:00:00+00:00,2024-10-13 00:00:00+00:00,0.05863651645897679,0.0032,-0.00039133600000000005,0.055827852458976784,20,10,2.0
2024-10-13 00:00:00+00:00,2024-10-20 00:00:00+00:00,-0.08332228642167788,0.0019200000000000003,-0.0010727900000000001,-0.08416949642167788,12,10,1.2
2024-10-20 00:00:00+00:00,2024-10-27 00:00:00+00:00,0.02305131146148935,0.0032,0.0005474639999999999,0.01930384746148935,20,10,2.0
2024-10-27 00:00:00+00:00,2024-11-03 00:00:00+00:00,0.070434856934354,0.0022400000000000002,0.000606622,0.067588234934354,14,10,1.4
2024-11-03 00:00:00+00:00,2024-11-10 00:00:00+00:00,0.015997375231332045,0.00128,-0.0008882199999999998,0.015605595231332045,8,10,0.8
2024-11-10 00:00:00+00:00,2024-11-17 00:00:00+00:00,-0.01467096875415412,0.00256,-0.0015133280000000004,-0.01571764075415412,16,10,1.6
2024-11-17 00:00:00+00:00,2024-11-24 00:00:00+00:00,0.33122636925912063,0.00288,0.00019052000000000012,0.3281558492591206,18,10,1.8
2024-11-24 00:00:00+00:00,2024-12-01 00:00:00+00:00,0.14554767830231777,0.0022400000000000002,-0.001331536,0.14463921430231777,14,10,1.4
2024-12-01 00:00:00+00:00,2024-12-08 00:00:00+00:00,0.08685823451784636,0.0019200000000000003,0.0009979380000000003,0.08394029651784635,12,10,1.2
2024-12-08 00:00:00+00:00,2024-12-15 00:00:00+00:00,0.11846693793551868,0.0019200000000000003,0.0015581580000000005,0.11498877993551868,12,10,1.2
2024-12-15 00:00:00+00:00,2024-12-22 00:00:00+00:00,0.031654598022780256,0.0016,5.702400000000019e-05,0.029997574022780256,10,10,1.0
2024-12-22 00:00:00+00:00,2024-12-29 00:00:00+00:00,0.027855454665766242,0.0019200000000000003,-3.442399999999997e-05,0.025969878665766243,12,10,1.2
2024-12-29 00:00:00+00:00,2025-01-05 00:00:00+00:00,-0.17128785083083276,0.0019200000000000003,-0.0005426440000000001,-0.17266520683083275,12,10,1.2
2025-01-05 00:00:00+00:00,2025-01-12 00:00:00+00:00,-0.03096890338105092,0.0032,0.0007010340000000001,-0.034869937381050924,20,10,2.0
2025-01-12 00:00:00+00:00,2025-01-19 00:00:00+00:00,0.0024127560855134803,0.0022400000000000002,-7.698000000000009e-05,0.0002497360855134801,14,10,1.4
2025-01-19 00:00:00+00:00,2025-01-26 00:00:00+00:00,0.04639139516347257,0.00256,-0.00064232,0.04447371516347257,16,10,1.6
2025-01-26 00:00:00+00:00,2025-02-02 00:00:00+00:00,0.07212120256551541,0.0016,0.0007141880000000005,0.0698070145655154,10,10,1.0
2025-02-02 00:00:00+00:00,2025-02-09 00:00:00+00:00,0.0902102695071566,0.0019200000000000003,0.0008132840000000001,0.0874769855071566,12,10,1.2
2025-02-09 00:00:00+00:00,2025-02-16 00:00:00+00:00,-0.03634742256666252,0.00128,0.0007432840000000002,-0.03837070656666252,8,10,0.8
2025-02-16 00:00:00+00:00,2025-02-23 00:00:00+00:00,-0.006493935997146273,0.00288,-0.00024340199999999993,-0.009130533997146273,18,10,1.8
2025-02-23 00:00:00+00:00,2025-03-02 00:00:00+00:00,-0.04077248489529821,0.00256,0.0005194539999999997,-0.04385193889529821,16,10,1.6
2025-03-02 00:00:00+00:00,2025-03-09 00:00:00+00:00,-0.07621107394283547,0.00256,-0.0009230660000000002,-0.07784800794283547,16,10,1.6
2025-03-09 00:00:00+00:00,2025-03-16 00:00:00+00:00,-0.006042392291539223,0.00288,0.00021572400000000047,-0.009138116291539223,18,10,1.8
2025-03-16 00:00:00+00:00,2025-03-23 00:00:00+00:00,-0.026117195577135766,0.00256,-6.97379999999998e-05,-0.028607457577135766,16,10,1.6
2025-03-23 00:00:00+00:00,2025-03-30 00:00:00+00:00,-0.061987144761131645,0.00256,0.0002166240000000001,-0.06476376876113164,16,10,1.6
2025-03-30 00:00:00+00:00,2025-04-06 00:00:00+00:00,0.08126893849186141,0.00288,-0.003258314,0.08164725249186142,18,10,1.8
2025-04-06 00:00:00+00:00,2025-04-13 00:00:00+00:00,-0.03666379120711683,0.00128,-0.019669374,-0.018274417207116835,8,10,0.8
2025-04-13 00:00:00+00:00,2025-04-20 00:00:00+00:00,0.021453803920083225,0.00288,0.004296998000000002,0.014276805920083221,18,10,1.8
2025-04-20 00:00:00+00:00,2025-04-27 00:00:00+00:00,0.018239721021610714,0.0022400000000000002,-0.0002092539999999999,0.016208975021610714,14,10,1.4
2025-04-27 00:00:00+00:00,2025-05-04 00:00:00+00:00,-0.03553126526824182,0.0019200000000000003,0.0008368200000000002,-0.03828808526824182,12,10,1.2
2025-05-04 00:00:00+00:00,2025-05-11 00:00:00+00:00,-0.0421717254374121,0.00256,0.0009664439999999997,-0.045698169437412096,16,10,1.6
2025-05-11 00:00:00+00:00,2025-05-18 00:00:00+00:00,-0.06421257139260501,0.00288,0.0013168720000000002,-0.068409443392605,18,10,1.8
2025-05-18 00:00:00+00:00,2025-05-25 00:00:00+00:00,0.021632891832020038,0.0032,0.000619424,0.017813467832020036,20,10,2.0
2025-05-25 00:00:00+00:00,2025-06-01 00:00:00+00:00,0.02040047456520204,0.0022400000000000002,-0.0005339440000000003,0.018694418565202042,14,10,1.4
2025-06-01 00:00:00+00:00,2025-06-08 00:00:00+00:00,0.01690155086652434,0.0022400000000000002,-0.0020129259999999995,0.01667447686652434,14,10,1.4
2025-06-08 00:00:00+00:00,2025-06-15 00:00:00+00:00,0.042826037291002136,0.0019200000000000003,0.000540458,0.04036557929100214,12,10,1.2
2025-06-15 00:00:00+00:00,2025-06-22 00:00:00+00:00,0.024643477102532105,0.0022400000000000002,0.00029339400000000004,0.022110083102532107,14,10,1.4
2025-06-22 00:00:00+00:00,2025-06-29 00:00:00+00:00,-0.08631802086324868,0.0019200000000000003,4.567999999999771e-06,-0.08824258886324868,12,10,1.2
2025-06-29 00:00:00+00:00,2025-07-06 00:00:00+00:00,-0.03496333089955463,0.0032,0.00016735000000000035,-0.03833068089955464,20,10,2.0
2025-07-06 00:00:00+00:00,2025-07-13 00:00:00+00:00,0.14179461367612534,0.00288,-0.000233394,0.13914800767612534,18,10,1.8
2025-07-13 00:00:00+00:00,2025-07-20 00:00:00+00:00,0.07914892641945365,0.0022400000000000002,1.4683999999999455e-05,0.07689424241945364,14,10,1.4
2025-07-20 00:00:00+00:00,2025-07-27 00:00:00+00:00,-0.0035228851795768186,0.00256,-0.00024803400000000006,-0.005834851179576818,16,10,1.6
2025-07-27 00:00:00+00:00,2025-08-03 00:00:00+00:00,0.0041313027731286756,0.00256,5.186399999999983e-05,0.0015194387731286756,16,10,1.6
2025-08-03 00:00:00+00:00,2025-08-10 00:00:00+00:00,-0.11906025952950908,0.00256,0.000702236,-0.12232249552950908,16,10,1.6
2025-08-10 00:00:00+00:00,2025-08-17 00:00:00+00:00,0.021823844806527062,0.0032,-0.0013193920000000004,0.01994323680652706,20,10,2.0
2025-08-17 00:00:00+00:00,2025-08-24 00:00:00+00:00,-0.016560812898888777,0.00256,0.000258324,-0.019379136898888778,16,10,1.6
2025-08-24 00:00:00+00:00,2025-08-31 00:00:00+00:00,0.03508700466154326,0.0022400000000000002,0.0005440499999999997,0.032302954661543266,14,10,1.4
2025-08-31 00:00:00+00:00,2025-09-07 00:00:00+00:00,0.04339588710225796,0.00128,6.664399999999963e-05,0.04204924310225796,8,10,0.8
2025-09-07 00:00:00+00:00,2025-09-14 00:00:00+00:00,0.06357405917554008,0.00256,0.0005858460000000001,0.060428213175540084,16,10,1.6
2025-09-14 00:00:00+00:00,2025-09-21 00:00:00+00:00,0.05199521970743979,0.0019200000000000003,0.00060001,0.04947520970743979,12,10,1.2
2025-09-21 00:00:00+00:00,2025-09-28 00:00:00+00:00,0.0527876708867151,0.0019200000000000003,-0.0010089580000000001,0.0518766288867151,12,10,1.2
2025-09-28 00:00:00+00:00,2025-10-05 00:00:00+00:00,0.3558042184328357,0.0022400000000000002,0.00039107599999999975,0.3531731424328357,14,10,1.4
2025-10-05 00:00:00+00:00,2025-10-12 00:00:00+00:00,0.24504011286648475,0.0019200000000000003,0.0027373460000000003,0.24038276686648474,12,10,1.2
2025-10-12 00:00:00+00:00,2025-10-19 00:00:00+00:00,0.02058409353610134,0.00128,0.0012382060000000004,0.01806588753610134,8,10,0.8
2025-10-19 00:00:00+00:00,2025-10-26 00:00:00+00:00,-0.10168381516658179,0.0022400000000000002,0.001805118,-0.10572893316658179,14,10,1.4
2025-10-26 00:00:00+00:00,2025-11-02 00:00:00+00:00,0.09843183479507053,0.00256,2.379999999999852e-06,0.09586945479507053,16,10,1.6
2025-11-02 00:00:00+00:00,2025-11-09 00:00:00+00:00,0.1527500556220117,0.0019200000000000003,-0.0054341599999999995,0.15626421562201168,12,10,1.2
2025-11-09 00:00:00+00:00,2025-11-16 00:00:00+00:00,0.10178490687917269,0.0022400000000000002,0.0014333259999999993,0.09811158087917268,14,10,1.4
2025-11-16 00:00:00+00:00,2025-11-23 00:00:00+00:00,0.04993197699736217,0.0016,-0.0008910499999999996,0.04922302699736217,10,10,1.0
2025-11-23 00:00:00+00:00,2025-11-30 00:00:00+00:00,0.08099475978202124,0.0019200000000000003,0.00138786,0.07768689978202123,12,10,1.2
2025-11-30 00:00:00+00:00,2025-12-07 00:00:00+00:00,0.04491451506166478,0.0016,0.0008559360000000001,0.04245857906166478,10,10,1.0
2025-12-07 00:00:00+00:00,2025-12-14 00:00:00+00:00,-0.05467718220003519,0.0016,-0.00023856599999999998,-0.05603861620003518,10,10,1.0
2025-12-14 00:00:00+00:00,2025-12-21 00:00:00+00:00,0.0678492798178452,0.0016,0.001790944,0.0644583358178452,10,10,1.0
2025-12-21 00:00:00+00:00,2025-12-28 00:00:00+00:00,0.04201104394617476,0.0016,0.001174744,0.039236299946174766,10,10,1.0
2025-12-28 00:00:00+00:00,2026-01-04 00:00:00+00:00,-0.020496051635222612,0.0022400000000000002,-0.002550036,-0.020186015635222612,14,10,1.4
2026-01-04 00:00:00+00:00,2026-01-11 00:00:00+00:00,-0.04684544477974169,0.0022400000000000002,-3.164999999999994e-05,-0.049053794779741686,14,10,1.4
2026-01-11 00:00:00+00:00,2026-01-18 00:00:00+00:00,0.04960969253257199,0.00256,0.000574662,0.046475030532571994,16,10,1.6
2026-01-18 00:00:00+00:00,2026-01-25 00:00:00+00:00,-0.027559246561387224,0.0016,0.00163038,-0.030789626561387225,10,10,1.0
2026-01-25 00:00:00+00:00,2026-02-01 00:00:00+00:00,0.055539077332034864,0.0022400000000000002,-0.0015894659999999999,0.05488854333203486,14,10,1.4
2026-02-01 00:00:00+00:00,2026-02-08 00:00:00+00:00,-0.012498466365515465,0.0016,-0.0008798239999999996,-0.013218642365515466,10,10,1.0
2026-02-08 00:00:00+00:00,2026-02-15 00:00:00+00:00,-0.02810983254984003,0.0022400000000000002,-0.00017085999999999995,-0.03017897254984003,14,10,1.4
2026-02-15 00:00:00+00:00,2026-02-22 00:00:00+00:00,-0.0845438910116931,0.0022400000000000002,0.008456214000000002,-0.09524010501169311,14,10,1.4
2026-02-22 00:00:00+00:00,2026-03-01 00:00:00+00:00,-0.01794426709484334,0.00288,-0.0014617639999999993,-0.01936250309484334,18,10,1.8
2026-03-01 00:00:00+00:00,2026-03-08 00:00:00+00:00,0.0341064130695935,0.0019200000000000003,0.0014164759999999998,0.030769937069593502,12,10,1.2
2026-03-08 00:00:00+00:00,2026-03-15 00:00:00+00:00,-0.0029892894163079387,0.0019200000000000003,0.002186426,-0.0070957154163079385,12,10,1.2
2026-03-15 00:00:00+00:00,2026-03-22 00:00:00+00:00,-0.06553080452166556,0.00256,0.00013570999999999993,-0.06822651452166556,16,10,1.6
2026-03-22 00:00:00+00:00,2026-03-29 00:00:00+00:00,-0.015486983158727742,0.0032,-0.00121096,-0.017476023158727743,20,10,2.0
2026-03-29 00:00:00+00:00,2026-04-05 00:00:00+00:00,0.018503172794084907,0.00256,0.0006376640000000001,0.015305508794084908,16,10,1.6
2026-04-05 00:00:00+00:00,2026-04-12 00:00:00+00:00,0.15602833350233708,0.0022400000000000002,0.0004602340000000002,0.15332809950233708,14,10,1.4
2026-04-12 00:00:00+00:00,2026-04-19 00:00:00+00:00,-0.05028401817399617,0.0009600000000000001,-6.855999999999936e-06,-0.051237162173996174,6,10,0.6
2026-04-19 00:00:00+00:00,2026-04-26 00:00:00+00:00,-0.016108757616113863,0.0022400000000000002,-0.0006798940000000001,-0.01766886361611386,14,10,1.4
2026-04-26 00:00:00+00:00,2026-05-03 00:00:00+00:00,0.06495460444671841,0.00288,0.0006754020000000002,0.06139920244671841,18,10,1.8
2026-05-03 00:00:00+00:00,2026-05-10 00:00:00+00:00,0.005713587969364525,0.00128,0.0008380400000000004,0.003595547969364525,8,10,0.8
2026-05-10 00:00:00+00:00,2026-05-17 00:00:00+00:00,-0.05206161529493433,0.00288,-0.000967504,-0.05397411129493433,18,10,1.8
2026-05-17 00:00:00+00:00,2026-05-24 00:00:00+00:00,0.18246242693849743,0.00288,0.001209898,0.17837252893849745,18,10,1.8
2026-05-24 00:00:00+00:00,2026-05-31 00:00:00+00:00,0.07365646721814376,0.00128,0.0003576279999999996,0.07201883921814375,8,10,0.8
2026-05-31 00:00:00+00:00,2026-06-07 00:00:00+00:00,0.02675378007230969,0.0022400000000000002,0.0007188000000000003,0.023794980072309693,14,10,1.4
2026-06-07 00:00:00+00:00,2026-06-14 00:00:00+00:00,-0.0007081052638156365,0.0022400000000000002,0.0011575560000000006,-0.004105661263815638,14,10,1.4
2026-06-14 00:00:00+00:00,2026-06-21 00:00:00+00:00,-0.024116527604860185,0.0022400000000000002,0.002105074,-0.028461601604860186,14,10,1.4
2026-06-21 00:00:00+00:00,2026-06-28 00:00:00+00:00,0.049539424989185156,0.0019200000000000003,0.0008865979999999999,0.046732826989185156,12,10,1.2
2026-06-28 00:00:00+00:00,2026-07-05 00:00:00+00:00,-0.03291927358207959,0.0019200000000000003,-0.001016186,-0.03382308758207959,12,10,1.2
2026-07-05 00:00:00+00:00,2026-07-12 00:00:00+00:00,-0.03628507252125832,0.0022400000000000002,2.737400000000004e-05,-0.03855244652125832,14,10,1.4
2026-07-12 00:00:00+00:00,2026-07-19 00:00:00+00:00,-0.00807385719209157,0.00256,-4.1729999999999914e-05,-0.01059212719209157,16,10,1.6
2026-07-19 00:00:00+00:00,2026-07-26 00:00:00+00:00,0.004643639972150206,0.00256,0.0005089839999999997,0.0015746559721502057,16,10,1.6
