entry_idx,exit_idx,direction,exit_reason,return
1592,1598,short,target,0.013324917595904484
1688,1694,short,target,0.01329979343817711
1695,1743,long,time_exit,-0.01601842473662818
2644,2668,long,target,0.00391907367349531
3009,3021,long,target,0.00854221383583642
3054,3097,short,target,-0.03514334786629669
3316,3338,short,target,0.005055116888387667
4098,4115,short,target,0.004065040650406582
4118,4142,long,target,0.0009110414259778654
4366,4414,short,time_exit,-0.0593280187685532
4680,4682,short,target,0.008279239938628669
4725,4731,short,target,0.00740011321288736
4931,4954,long,target,0.0035343072578670753
5240,5263,long,target,-0.013437417662881979
5450,5488,short,target,-0.00811304501884691
5617,5645,short,target,0.008184363558044305
5812,5834,long,target,0.0020389488358953933
7208,7256,short,time_exit,-0.01729134800059795
7582,7587,long,target,0.014252387971355862
7741,7744,short,target,0.008326427089532684
8183,8197,long,target,0.0061277451955505935
8303,8323,short,target,0.0059031400785163335
8518,8529,long,target,0.009382635055650956
8548,8567,short,target,0.008663552390550278
8796,8827,long,target,-0.0015704269667927706
8800,8827,long,target,-0.0013646592250964318
9386,9410,long,target,5.392492571809626e-06
9389,9410,long,target,0.0009337672922367091
9571,9619,short,time_exit,-0.019099882221735753
10155,10174,short,target,0.007645462368438549
10813,10818,long,target,0.0076563898504307115
10816,10818,long,target,0.009332570021279185
10876,10892,long,target,0.004069922242206481
11017,11053,short,target,-0.010889818449328459
11286,11307,long,target,0.004857100390691427
11292,11307,long,target,0.008879035137742353
11383,11393,short,target,0.00433423520449705
11484,11500,short,target,0.005932789668979588
12154,12162,short,target,0.006859328739487136
12191,12236,long,target,-0.006242310778282967
12434,12452,short,target,0.009453600241597915
12830,12835,short,target,0.0058396665578073215
12870,12910,short,target,-0.0032941073297998447
12965,12988,long,target,0.008245164375107583
13087,13122,long,target,-0.004068055524806824
13204,13237,long,target,-0.00721565946938163
13415,13425,short,target,0.004775002750577739
14346,14354,short,target,0.0036190206058315244
14759,14783,long,target,0.0008362752933579465
14877,14925,long,time_exit,-0.009369134349250796
15273,15289,long,target,0.0028778546901400137
15276,15289,long,target,0.003643702612774913
15315,15323,short,target,0.004067553935765078
15534,15545,short,target,0.0034341401288371376
16377,16383,long,target,0.009190565828811836
16385,16433,short,time_exit,-0.0403627742860293
16766,16776,long,target,0.006020141857598027
16769,16776,long,target,0.006234953104398144
16788,16800,long,target,0.0075576748751562395
16815,16845,short,target,-0.008644733881391309
16900,16921,long,target,0.004009203551161411
16924,16935,short,target,0.010864659058927195
16951,16954,short,target,0.017190003204101245
16963,16986,long,target,0.0038180924658828275
17294,17334,short,target,0.005782239879738027
17741,17765,long,target,0.0017593280501899677
18125,18135,long,target,0.003716205251371285
18148,18171,short,target,0.003285594837381778
19188,19206,long,target,0.004049119422523617
19369,19372,short,target,0.007429074068186381
19485,19507,long,target,0.009977791194100805
20145,20161,short,target,0.0029440105622366985
20147,20161,short,target,0.002544732457050891
20714,20737,long,target,9.283022989148293e-05
20717,20737,long,target,0.0003441043455463255
20933,20952,short,target,0.002841929899062512
21323,21334,long,target,0.0027937203675776345
21411,21419,short,target,0.00256011950832713
21579,21589,short,target,0.001280036294700082
22256,22272,short,target,0.004722852531460875
22258,22272,short,target,0.007468420018224453
22333,22344,long,target,0.009091184397807428
22715,22730,long,target,0.006138113658828326
22906,22918,short,target,0.002146753262460166
22966,22992,long,target,0.005046564922716934
23277,23285,short,target,0.003988293186470315
24197,24238,long,target,-0.0023083770758510758
24209,24238,long,target,0.0025849836510578594
24865,24877,long,target,0.0014875098347757465
24867,24877,long,target,0.0030350228088429354
26620,26635,long,target,0.004063647490820221
26902,26933,long,target,-0.0003317401614468807
27005,27053,long,time_exit,-0.024201116214747853
27443,27451,short,target,0.006683973961562284
27445,27451,short,target,0.00843407728869594
27519,27537,short,target,0.0018547379538633724
27626,27636,short,target,0.0039700129121778005
28623,28631,short,target,0.009618004013987713
28947,28961,short,target,0.005244872425041347
29227,29235,long,target,0.011678848369804262
29799,29831,long,target,-0.0010556115349551476
29803,29831,long,target,0.001930378054649573
30231,30254,long,target,0.0019103083364682139
30976,31022,short,target,-0.01107607607607608
31534,31542,long,target,0.0057188475215907975
31617,31627,short,target,0.003966046422405611
31932,31947,long,target,0.006436951957515147
31937,31947,long,target,0.006591104479381826
32016,32023,short,target,0.007051631703349992
33430,33443,long,target,0.003948475914737681
33434,33443,long,target,0.00575235303466437
34106,34131,short,target,-0.005783266848990665
34269,34290,short,target,0.002564146987993343
34360,34374,long,target,0.0043888116210786254
35084,35132,short,time_exit,-0.014066736807889946
35545,35557,long,target,0.004933427901924192
37054,37102,long,time_exit,-0.030217105236355124
37398,37415,long,target,0.000531431686046524
37469,37478,long,target,0.008773921652331262
37471,37478,long,target,0.011065139122162782
37637,37663,short,target,0.0016784700066612146
38142,38152,short,target,0.0051004918331412075
38169,38172,long,target,0.008335517693315753
38213,38232,short,target,0.0034337726204085595
38380,38387,long,target,0.012014413780981004
38385,38387,long,target,0.01155655508361031
39111,39123,long,target,0.004922746399812494
40254,40282,short,target,0.000547695116385194
40294,40342,short,time_exit,-0.009280290524925738
41021,41033,long,target,0.008748769288537961
41122,41130,short,target,0.011506933885147896
41446,41466,short,target,0.0065718211737324506
41719,41730,long,target,0.005438627067037238
41722,41730,long,target,0.012682604464338665
42794,42801,long,target,0.020537517931902727
42857,42905,long,time_exit,-0.04454852570923529
42859,42907,long,time_exit,-0.04267772684275639
42861,42909,long,time_exit,-0.03634035618670706
42867,42911,long,target,-0.021853761424888707
42870,42911,long,target,-0.011905078967693883
43007,43038,long,target,0.00293909263395542
43020,43038,long,target,0.007740363006735862
43332,43337,long,target,0.009102760110032637
43550,43577,long,target,0.003936050619441689
43555,43577,long,target,0.007839533648254848
43660,43680,long,target,0.004944082399467087
44885,44933,long,time_exit,-0.07864122312909527
45360,45383,long,target,-0.011135747396442519
45662,45698,short,target,-0.013365040858018484
45665,45698,short,target,-0.010380490296220679
45918,45930,long,target,0.007493056413277133
45944,45965,short,target,0.004104983157449782
46274,46281,long,target,0.011818149439690284
46327,46375,short,time_exit,-0.035270586505593116
46898,46946,short,time_exit,-0.029912639965132937
47777,47779,short,target,0.005863990929085627
47817,47834,long,target,0.006078303459559065
49086,49110,short,target,-0.0010116524446950326
49088,49110,short,target,0.002961191009992703
49092,49110,short,target,0.005571991980546809
49376,49389,long,target,0.008839584062943606
49766,49775,long,target,0.0073228373546745384
51803,51851,long,time_exit,-0.02306881891436452
51811,51859,long,time_exit,-0.015987242561772197
52100,52103,long,target,0.011456117878923422
52168,52209,short,target,-0.011614523385999775
52427,52442,long,target,0.003183396356647439
52664,52680,long,target,0.0024464170366493843
52666,52680,long,target,0.008109673114625737
53058,53089,short,target,0.00018985207904398393
53142,53154,long,target,0.006665072527709315
53173,53202,long,target,-0.011310315729300968
53393,53408,short,target,0.012396640659426028
53510,53529,short,target,-3.18562645340581e-06
53514,53529,short,target,0.0004428020770284036
53703,53718,short,target,0.005171110391136713
54296,54334,short,target,-0.013065714285714236
54406,54420,short,target,0.005864099911953025
54458,54471,long,target,0.003170562502508245
54782,54830,long,time_exit,-0.07378389306580257
56114,56162,long,time_exit,-0.04922282955974566
56120,56164,long,target,-0.01840717407810233
56861,56877,long,target,0.015004464010836882
56978,56981,long,target,0.0154540002025223
57159,57188,short,target,-0.005240920566004337
57563,57577,long,target,0.005299062473562266
57566,57577,long,target,0.008156292299920098
57602,57644,short,target,-0.006435088722234417
57621,57644,short,target,0.004855464371948726
57877,57882,short,target,0.007517791504172866
58436,58453,long,target,0.0034823006372890486
58443,58453,long,target,0.005939617892597893
58472,58495,long,target,0.002152982727756436
58485,58495,long,target,0.005656163518959145
59199,59206,long,target,0.012683378848561189
59225,59245,short,target,0.013737651793647832
59402,59429,short,target,0.009533916219918614
59522,59542,short,target,0.0021156438934633037
59659,59663,short,target,0.0073218823569407565
59677,59715,short,target,-0.013198233093240641
59679,59715,short,target,-0.008245290171581265
59875,59923,long,time_exit,-0.04453811088020365
60729,60739,long,target,0.012285429026301697
60984,61000,short,target,0.006071040231968139
61179,61198,long,target,0.0009512449229189812
61181,61198,long,target,0.0017718238451978063
61255,61271,long,target,0.008083397092578437
62173,62177,short,target,0.01359037372500338
63893,63915,short,target,0.0038519995818289132
63904,63915,short,target,0.006377109954885718
63965,63991,short,target,0.003971854752694348
65344,65377,short,target,-0.018574309312210158
65627,65635,long,target,0.019884856842531606
65863,65874,long,target,0.015312189163531942
65998,66009,long,target,0.012684837604047594
66654,66683,short,target,0.001131762353361987
67127,67145,short,target,0.006721114593914557
67895,67916,long,target,-0.0007826675625819401
67906,67916,long,target,0.0035258168142284774
67911,67916,long,target,0.007996994145692549
68412,68415,short,target,0.019617938018539283
68498,68515,long,target,0.0037813619609432525
68574,68584,long,target,0.008923141969041648
68629,68635,long,target,0.00996871947290745
69173,69201,long,target,0.00552979216429339
69396,69414,short,target,0.015613791148937795
69463,69487,short,target,-0.0036663875977944738
69466,69487,short,target,-0.0007650336326107121
69469,69487,short,target,0.004910649845549786
69632,69668,long,target,-0.00708402415129139
69848,69889,short,target,-0.003537735849056589
69861,69889,short,target,0.002948113207547065
70274,70322,short,time_exit,-0.02375981593413723
70798,70846,long,time_exit,-0.06975062350996919
70800,70848,long,time_exit,-0.06505277113802466
71219,71231,short,target,0.005009384979158149
71266,71278,long,target,0.001676520711952234
71293,71314,short,target,0.004223864836325308
71321,71327,long,target,0.00902209176579638
71330,71334,short,target,0.013172519083969325
72541,72570,short,target,-0.0004410877764675636
72547,72570,short,target,0.002517500982695431
72618,72636,long,target,0.00419567690557443
72650,72660,short,target,0.008679664527192266
72663,72711,long,time_exit,-0.06540819423368738
72851,72866,long,target,0.0036583277047226304
72917,72933,long,target,0.008394204248191706
73683,73715,long,target,-0.01724486553626614
73690,73715,long,target,-0.010132309191815514
73694,73715,long,target,0.003628425617274944
73697,73715,long,target,0.005894722837154198
73934,73958,short,target,0.010603502848702151
74114,74121,short,target,0.012617729931186261
74554,74570,long,target,0.006542338596812192
74665,74678,long,target,0.006648054113811419
75032,75035,short,target,0.01120642252281967
75883,75906,long,target,-0.007904026425401778
75974,75984,short,target,0.011738903769751952
75993,75997,long,target,0.02097956316900862
76500,76515,long,target,0.012200515687049496
76565,76577,short,target,0.008106323948278371
76570,76577,short,target,0.008198651100308707
76649,76697,long,time_exit,-0.06233854489092028
76656,76704,long,time_exit,-0.054651706404862166
76908,76924,long,target,0.002687802245478821
77016,77028,long,target,0.012071125545082495
77062,77079,long,target,0.014946778344893774
77148,77168,short,target,0.001542985390993623
77287,77301,long,target,0.005110750270630238
77318,77339,long,target,-0.0052833158447008755
77324,77339,long,target,0.0016748029332827041
77894,77903,short,target,0.006152732537097361
79250,79272,long,target,-0.0020098991709861513
79257,79272,long,target,0.0025448138930059816
79261,79272,long,target,0.004117301067137147
80411,80416,long,target,0.012160844375609381
80561,80570,short,target,0.009306960478321358
81411,81422,long,target,0.004924441135159885
81820,81834,long,target,0.004744958481613271
81822,81834,long,target,0.006308957399411508
82078,82102,long,target,0.0005432312280351237
82780,82798,short,target,0.012618420690116539
82824,82835,long,target,0.009794876588619328
82894,82942,short,time_exit,-0.0602316486947817
82898,82946,short,time_exit,-0.05570561564168386
82901,82949,short,time_exit,-0.05806731185902059
83682,83685,short,target,0.055157850535589636
84216,84264,short,time_exit,-0.03658970594777344
85452,85475,long,target,0.0036819592046966054
86098,86104,long,target,0.019092437244494498
86527,86551,short,target,0.005349028023226454
87078,87108,short,target,-0.005225909166406528
87238,87248,long,target,0.0056657695171618006
87328,87343,short,target,0.0021131566613767916
87335,87343,short,target,0.004419539710078135
87394,87415,short,target,-0.00021668472372682324
87397,87415,short,target,0.0006214354340849937
87400,87415,short,target,0.003438336842535694
87407,87415,short,target,0.006079437437396695
88268,88283,short,target,0.005946342453139408
88658,88677,long,target,0.0022641560903753355
88661,88677,long,target,0.004394417790899663
88755,88771,short,target,0.0039856583567652315
88760,88771,short,target,0.007046374900778973
89389,89437,short,time_exit,-0.0316374462102168
90412,90416,long,target,0.017849210515688885
91079,91094,short,target,0.005526537213292215
92081,92116,short,target,-0.010879088785046731
92083,92116,short,target,-0.008527152364769197
92099,92116,short,target,0.0029802994902292657
92270,92291,long,target,0.006958201092011729
92593,92598,long,target,0.01703741893982036
92796,92814,short,target,-0.00855011074311307
92804,92814,short,target,0.004495716695606777
93183,93208,long,target,-0.0008951497543335796
93410,93435,short,target,-0.003855377111828484
93750,93790,short,target,-0.00630176975825214
93918,93944,short,target,-0.0009409090909091589
93923,93944,short,target,0.0010022727272727128
94044,94051,long,target,0.003933762925221185
94556,94594,short,target,-0.011839559359406393
95248,95288,long,target,0.000785351864107664
96146,96149,long,target,0.00672840034863742
96166,96212,short,target,-0.01542035252781282
96779,96806,short,target,-0.0006504822578766722
97787,97822,long,target,-0.005379429421187298
98609,98625,short,target,-0.004374315321795552
98821,98869,short,time_exit,-0.014282547657750833
99395,99414,short,target,0.004946648710245638
99475,99494,short,target,0.008223794557380648
99497,99502,long,target,0.00817536190172441
99513,99530,long,target,0.005701091017006998
99902,99914,long,target,0.010879812778702425
100184,100232,short,time_exit,-0.044719131457662376
100382,100422,long,target,-0.009986456605064808
100839,100844,short,target,0.015184958231204027
100854,100881,long,target,-0.011067553088327409
100863,100881,long,target,0.002223281950817224
101987,101996,short,target,0.010178914117267013
102119,102123,long,target,0.00838097034659091
102194,102218,short,target,-0.0016139732456704747
102873,102879,long,target,0.02986654504487629
104194,104210,short,target,0.0027742503995522583
104577,104598,long,target,0.0022586805199071858
104824,104850,short,target,0.0019735207951248057
104930,104957,short,target,-0.015291037421230391
105165,105180,short,target,0.003753554629663869
106123,106135,short,target,0.002731516201608386
106168,106177,long,target,0.0029665692956832856
106213,106256,short,target,-0.0021371298185850485
106228,106256,short,target,0.00070380666206038
106235,106256,short,target,0.004081435894139673
106812,106836,short,target,0.0
107397,107405,short,target,0.012365569606571647
107479,107484,long,target,0.006599551434087525
108998,109013,long,target,0.0034317426389121053
109403,109451,short,time_exit,-0.02901739970528827
109879,109886,long,target,0.016060076771533538
110070,110077,long,target,0.014704966688113608
110157,110161,short,target,0.006461928934010208
110170,110194,short,target,0.002773645326407559
110262,110294,long,target,0.0010992510709992853
110268,110294,long,target,0.0004774151818027761
110728,110776,long,time_exit,-0.03388532978766268
110731,110779,long,time_exit,-0.030056577086280067
111202,111250,short,time_exit,-0.06546023852281613
111415,111451,long,target,-0.015932465370667614
111894,111930,short,target,-0.0005670885094296585
111898,111930,short,target,0.004158649069150755
112169,112181,long,target,0.006408331315088445
112220,112229,short,target,0.0036834355710524402
112234,112274,short,target,-0.0026135544340302186
112557,112598,long,target,-0.0408125013621603
113658,113665,long,target,0.02082676244060755
114220,114240,short,target,0.007579798841934826
114686,114715,short,target,0.007024588335450277
114765,114810,short,target,-0.010527443679515636
115067,115115,short,time_exit,-0.05646289261401827
115328,115344,long,target,0.0039762623990402535
115351,115358,long,target,0.013215496242100722
115427,115433,short,target,0.005497814970973236
116276,116304,short,target,-0.000897265272828851
116749,116765,short,target,0.00460594329454711
117251,117268,short,target,0.001967473889110005
117572,117597,short,target,0.0017631147787722234
117577,117597,short,target,0.004386285547189228
117662,117682,short,target,0.002763188333775979
117798,117846,long,time_exit,-0.012229473811938174
118697,118716,long,target,0.006309431536760002
118827,118875,long,time_exit,-0.018118496779357507
119138,119157,long,target,0.001121525656688993
119286,119293,long,target,0.00962625199735001
119577,119608,short,target,0.001403238318288036
119580,119608,short,target,0.0031918730761058
119673,119699,long,target,-0.0018208864632515143
119682,119699,long,target,0.003235194111646633
120537,120555,long,target,0.00784268250257858
120895,120928,short,target,0.0005075657148316814
121556,121588,short,target,0.0032495415825268825
121681,121691,long,target,0.0055228362586712265
121716,121729,long,target,0.005808410203615999
121733,121743,short,target,0.012970491120736005
122264,122277,short,target,0.0011103374296630442
122268,122277,short,target,0.007678265615296276
122270,122277,short,target,0.006756120970322188
122275,122277,short,target,0.007653173244004607
123463,123511,short,time_exit,-0.019999334464743224
123736,123744,long,target,0.021070393765472595
123738,123744,long,target,0.021864480218644733
124297,124345,short,time_exit,-0.005581928039688933
