,BTC,ETH,SOL,XRP,ZEC,DOGE,BNB,NEAR,ADA,LINK,UNI,AVAX,XLM,AAVE,LTC,INJ,TRX,DOT,BCH,XMR
BTC,1.0,0.8206495071683203,0.7238626478006353,0.6190549603796479,0.47995469996836776,0.6957248941714164,0.6989653565419969,0.6358739388457176,0.700053284176721,0.707847249557935,0.6043702959460568,0.6968086335071686,0.56582972975021,0.6519914448271663,0.6587332957580138,0.6024424429031183,0.431267720697224,0.6895158770740398,0.6236040547932086,0.3701612559394751
ETH,0.8206495071683203,1.0,0.7277702835339425,0.6473883374883452,0.5078727359416557,0.7247439116707627,0.723801303241637,0.6796832331582909,0.7374097314172794,0.7859693660512385,0.6980535456261827,0.7390947194361297,0.599558902600101,0.7430238246004837,0.6910530218581697,0.6390166344063782,0.4480368577143363,0.7432044784161648,0.6228857343707739,0.3715962772325448
SOL,0.7238626478006353,0.7277702835339425,1.0,0.6001864383950982,0.4780503197717842,0.6671994992629701,0.6591406081409812,0.6712360491074719,0.7044613618520381,0.7058538077953107,0.6009024777084129,0.741987422570229,0.5547076472667043,0.6485306330365902,0.6333480994591252,0.6272353451567347,0.4190729730593691,0.692707873593838,0.5737773020275646,0.3486076111947262
XRP,0.6190549603796479,0.6473883374883452,0.6001864383950982,1.0,0.4560544090061945,0.6355688598221234,0.5930100821305861,0.571042236271856,0.7419612450325679,0.6429644241499883,0.5462208295171938,0.623409160358447,0.7642547461078748,0.57903774311939,0.6456981244540236,0.540020761996994,0.4346471617326771,0.6674691105840425,0.5331712983841631,0.32736843999951853
ZEC,0.47995469996836776,0.5078727359416557,0.4780503197717842,0.4560544090061945,1.0,0.4843125987342266,0.48248157293735083,0.5071977424572789,0.511992314467701,0.5280166251306507,0.4621044535457496,0.5067869708305189,0.4506553374291588,0.4791455979719978,0.5051306845959274,0.4604545918192942,0.32425404504342126,0.5434079309412201,0.4358462965669609,0.3129257267798202
DOGE,0.6957248941714164,0.7247439116707627,0.6671994992629701,0.6355688598221234,0.4843125987342266,1.0,0.6594887290569577,0.6474828175229823,0.7222603880352847,0.708422838066723,0.6276281430178382,0.6964420517430423,0.5943059949078298,0.6425343731973208,0.6722594577666076,0.6095217535029221,0.42585105150245833,0.7208976302838553,0.5908819455773604,0.3565367314784168
BNB,0.6989653565419969,0.723801303241637,0.6591406081409812,0.5930100821305861,0.48248157293735083,0.6594887290569577,1.0,0.6259307397972881,0.6702713232472862,0.6828049356344702,0.6062138775285971,0.6711084486984301,0.556105318043238,0.6313090353259743,0.6416290292967617,0.5890138491095033,0.44512189762331517,0.6877640078108861,0.5706377855092768,0.3555334404501533
NEAR,0.6358739388457176,0.6796832331582909,0.6712360491074719,0.571042236271856,0.5071977424572789,0.6474828175229823,0.6259307397972881,1.0,0.6882533025117441,0.7058320375828945,0.6233183520721355,0.7336105982276092,0.562502834342997,0.6449853560203952,0.6323240366677616,0.6575091727165391,0.4122797338670156,0.7413202541907506,0.5523581142269158,0.33870328645627357
ADA,0.700053284176721,0.7374097314172794,0.7044613618520381,0.7419612450325679,0.511992314467701,0.7222603880352847,0.6702713232472862,0.6882533025117441,1.0,0.758222032431803,0.6444087432254023,0.7473280774912652,0.6982451053647661,0.6753647073772717,0.7015935041507796,0.6409386868167394,0.45916737214066755,0.7891290053395443,0.6026603532594369,0.35555600383568653
LINK,0.707847249557935,0.7859693660512385,0.7058538077953107,0.6429644241499883,0.5280166251306507,0.708422838066723,0.6828049356344702,0.7058320375828945,0.758222032431803,1.0,0.6884702502192955,0.7598599831199967,0.6230201815097518,0.73129497259643,0.7038805071786451,0.6625075410286893,0.4534926514812259,0.7817219662432145,0.6097064492264753,0.372229256903761
UNI,0.6043702959460568,0.6980535456261827,0.6009024777084129,0.5462208295171938,0.4621044535457496,0.6276281430178382,0.6062138775285971,0.6233183520721355,0.6444087432254023,0.6884702502192955,1.0,0.6518012695435964,0.537560623796652,0.6896401671274939,0.6123991666793216,0.5832448794315443,0.4005189067632071,0.6901287752234271,0.5356856517019892,0.3343208243529159
AVAX,0.6968086335071686,0.7390947194361297,0.741987422570229,0.623409160358447,0.5067869708305189,0.6964420517430423,0.6711084486984301,0.7336105982276092,0.7473280774912652,0.7598599831199967,0.6518012695435964,1.0,0.6047046772142505,0.6920876448529548,0.6738888405826156,0.6688488472551106,0.44382570293195817,0.7741052352826558,0.5998357691376502,0.36362251844196786
XLM,0.56582972975021,0.599558902600101,0.5547076472667043,0.7642547461078748,0.4506553374291588,0.5943059949078298,0.556105318043238,0.562502834342997,0.6982451053647661,0.6230201815097518,0.537560623796652,0.6047046772142505,1.0,0.5582982177448589,0.614880480065177,0.5390067953632571,0.40435640359991964,0.6658875978182565,0.509670287142084,0.31007278118251047
AAVE,0.6519914448271663,0.7430238246004837,0.6485306330365902,0.57903774311939,0.4791455979719978,0.6425343731973208,0.6313090353259743,0.6449853560203952,0.6753647073772717,0.73129497259643,0.6896401671274939,0.6920876448529548,0.5582982177448589,1.0,0.6320603311580576,0.6072862005405991,0.4219336373605255,0.6983851768152641,0.5609965043014361,0.34857772810083265
LTC,0.6587332957580138,0.6910530218581697,0.6333480994591252,0.6456981244540236,0.5051306845959274,0.6722594577666076,0.6416290292967617,0.6323240366677616,0.7015935041507796,0.7038805071786451,0.6123991666793216,0.6738888405826156,0.614880480065177,0.6320603311580576,1.0,0.5929306897121961,0.44561580337558265,0.7257097694968716,0.6412673514777584,0.3604405677079982
INJ,0.6024424429031183,0.6390166344063782,0.6272353451567347,0.540020761996994,0.4604545918192942,0.6095217535029221,0.5890138491095033,0.6575091727165391,0.6409386868167394,0.6625075410286893,0.5832448794315443,0.6688488472551106,0.5390067953632571,0.6072862005405991,0.5929306897121961,1.0,0.38643020642492193,0.6809818797364281,0.5083437821916406,0.3221351640670266
TRX,0.431267720697224,0.4480368577143363,0.4190729730593691,0.4346471617326771,0.32425404504342126,0.42585105150245833,0.44512189762331517,0.4122797338670156,0.45916737214066755,0.4534926514812259,0.4005189067632071,0.44382570293195817,0.40435640359991964,0.4219336373605255,0.44561580337558265,0.38643020642492193,1.0,0.4690659117937825,0.406776095525108,0.27109852901612186
DOT,0.6895158770740398,0.7432044784161648,0.692707873593838,0.6674691105840425,0.5434079309412201,0.7208976302838553,0.6877640078108861,0.7413202541907506,0.7891290053395443,0.7817219662432145,0.6901287752234271,0.7741052352826558,0.6658875978182565,0.6983851768152641,0.7257097694968716,0.6809818797364281,0.4690659117937825,1.0,0.6143527715768089,0.3774054090289656
BCH,0.6236040547932086,0.6228857343707739,0.5737773020275646,0.5331712983841631,0.4358462965669609,0.5908819455773604,0.5706377855092768,0.5523581142269158,0.6026603532594369,0.6097064492264753,0.5356856517019892,0.5998357691376502,0.509670287142084,0.5609965043014361,0.6412673514777584,0.5083437821916406,0.406776095525108,0.6143527715768089,1.0,0.30893361384684015
XMR,0.3701612559394751,0.3715962772325448,0.3486076111947262,0.32736843999951853,0.3129257267798202,0.3565367314784168,0.3555334404501533,0.33870328645627357,0.35555600383568653,0.372229256903761,0.3343208243529159,0.36362251844196786,0.31007278118251047,0.34857772810083265,0.3604405677079982,0.3221351640670266,0.27109852901612186,0.3774054090289656,0.30893361384684015,1.0
