step,cluster_a_members,cluster_b_members,distance,merged_size
0,BTC,ETH,0.1793504928316797,2
1,ADA,DOT,0.21087099466045567,2
2,LINK,"ADA,DOT",0.23002800066249124,3
3,XRP,XLM,0.2357452538921252,2
4,AVAX,"LINK,ADA,DOT",0.2395689013686941,4
5,SOL,"BTC,ETH",0.27418353433271114,3
6,"AVAX,LINK,ADA,DOT","SOL,BTC,ETH",0.279590516212659,7
7,DOGE,"AVAX,LINK,ADA,DOT,SOL,BTC,ETH",0.29490125525227795,8
8,UNI,AAVE,0.3103598328725061,2
9,NEAR,"DOGE,AVAX,LINK,ADA,DOT,SOL,BTC,ETH",0.31208847110656734,9
10,LTC,"NEAR,DOGE,AVAX,LINK,ADA,DOT,SOL,BTC,ETH",0.3230232741201567,10
11,BNB,"LTC,NEAR,DOGE,AVAX,LINK,ADA,DOT,SOL,BTC,ETH",0.3279095518533305,11
12,"UNI,AAVE","BNB,LTC,NEAR,DOGE,AVAX,LINK,ADA,DOT,SOL,BTC,ETH",0.3436698910637193,13
13,INJ,"UNI,AAVE,BNB,LTC,NEAR,DOGE,AVAX,LINK,ADA,DOT,SOL,BTC,ETH",0.3721940059756536,14
14,"XRP,XLM","INJ,UNI,AAVE,BNB,LTC,NEAR,DOGE,AVAX,LINK,ADA,DOT,SOL,BTC,ETH",0.39544119930398736,16
15,BCH,"XRP,XLM,INJ,UNI,AAVE,BNB,LTC,NEAR,DOGE,AVAX,LINK,ADA,DOT,SOL,BTC,ETH",0.4218853028184661,17
16,ZEC,"BCH,XRP,XLM,INJ,UNI,AAVE,BNB,LTC,NEAR,DOGE,AVAX,LINK,ADA,DOT,SOL,BTC,ETH",0.5129726539931744,18
17,TRX,"ZEC,BCH,XRP,XLM,INJ,UNI,AAVE,BNB,LTC,NEAR,DOGE,AVAX,LINK,ADA,DOT,SOL,BTC,ETH",0.5760158815201823,19
18,XMR,"TRX,ZEC,BCH,XRP,XLM,INJ,UNI,AAVE,BNB,LTC,NEAR,DOGE,AVAX,LINK,ADA,DOT,SOL,BTC,ETH",0.6575881491570761,20
