asset_a,asset_b,corr
BTC,ETH,0.8206495071683203
ADA,DOT,0.7891290053395443
ETH,LINK,0.7859693660512385
LINK,DOT,0.7817219662432145
AVAX,DOT,0.7741052352826558
XRP,XLM,0.7642547461078748
LINK,AVAX,0.7598599831199967
ADA,LINK,0.758222032431803
ADA,AVAX,0.7473280774912652
ETH,DOT,0.7432044784161648
ETH,AAVE,0.7430238246004837
SOL,AVAX,0.741987422570229
XRP,ADA,0.7419612450325679
NEAR,DOT,0.7413202541907506
ETH,AVAX,0.7390947194361297
ETH,ADA,0.7374097314172794
NEAR,AVAX,0.7336105982276092
LINK,AAVE,0.73129497259643
ETH,SOL,0.7277702835339425
LTC,DOT,0.7257097694968716
ETH,DOGE,0.7247439116707627
BTC,SOL,0.7238626478006353
ETH,BNB,0.723801303241637
DOGE,ADA,0.7222603880352847
DOGE,DOT,0.7208976302838553
DOGE,LINK,0.708422838066723
BTC,LINK,0.707847249557935
SOL,LINK,0.7058538077953107
NEAR,LINK,0.7058320375828945
SOL,ADA,0.7044613618520381
LINK,LTC,0.7038805071786451
ADA,LTC,0.7015935041507796
BTC,ADA,0.700053284176721
BTC,BNB,0.6989653565419969
AAVE,DOT,0.6983851768152641
ADA,XLM,0.6982451053647661
ETH,UNI,0.6980535456261827
BTC,AVAX,0.6968086335071686
DOGE,AVAX,0.6964420517430423
BTC,DOGE,0.6957248941714164
SOL,DOT,0.692707873593838
AVAX,AAVE,0.6920876448529548
ETH,LTC,0.6910530218581697
UNI,DOT,0.6901287752234271
UNI,AAVE,0.6896401671274939
BTC,DOT,0.6895158770740398
LINK,UNI,0.6884702502192955
NEAR,ADA,0.6882533025117441
BNB,DOT,0.6877640078108861
BNB,LINK,0.6828049356344702
INJ,DOT,0.6809818797364281
ETH,NEAR,0.6796832331582909
ADA,AAVE,0.6753647073772717
AVAX,LTC,0.6738888405826156
DOGE,LTC,0.6722594577666076
SOL,NEAR,0.6712360491074719
BNB,AVAX,0.6711084486984301
BNB,ADA,0.6702713232472862
AVAX,INJ,0.6688488472551106
XRP,DOT,0.6674691105840425
SOL,DOGE,0.6671994992629701
XLM,DOT,0.6658875978182565
LINK,INJ,0.6625075410286893
DOGE,BNB,0.6594887290569577
SOL,BNB,0.6591406081409812
BTC,LTC,0.6587332957580138
NEAR,INJ,0.6575091727165391
BTC,AAVE,0.6519914448271663
UNI,AVAX,0.6518012695435964
SOL,AAVE,0.6485306330365902
DOGE,NEAR,0.6474828175229823
ETH,XRP,0.6473883374883452
XRP,LTC,0.6456981244540236
NEAR,AAVE,0.6449853560203952
ADA,UNI,0.6444087432254023
XRP,LINK,0.6429644241499883
DOGE,AAVE,0.6425343731973208
BNB,LTC,0.6416290292967617
LTC,BCH,0.6412673514777584
ADA,INJ,0.6409386868167394
ETH,INJ,0.6390166344063782
BTC,NEAR,0.6358739388457176
XRP,DOGE,0.6355688598221234
SOL,LTC,0.6333480994591252
NEAR,LTC,0.6323240366677616
AAVE,LTC,0.6320603311580576
BNB,AAVE,0.6313090353259743
DOGE,UNI,0.6276281430178382
SOL,INJ,0.6272353451567347
BNB,NEAR,0.6259307397972881
BTC,BCH,0.6236040547932086
XRP,AVAX,0.623409160358447
NEAR,UNI,0.6233183520721355
LINK,XLM,0.6230201815097518
ETH,BCH,0.6228857343707739
BTC,XRP,0.6190549603796479
XLM,LTC,0.614880480065177
DOT,BCH,0.6143527715768089
UNI,LTC,0.6123991666793216
LINK,BCH,0.6097064492264753
DOGE,INJ,0.6095217535029221
AAVE,INJ,0.6072862005405991
BNB,UNI,0.6062138775285971
AVAX,XLM,0.6047046772142505
BTC,UNI,0.6043702959460568
ADA,BCH,0.6026603532594369
BTC,INJ,0.6024424429031183
SOL,UNI,0.6009024777084129
SOL,XRP,0.6001864383950982
AVAX,BCH,0.5998357691376502
ETH,XLM,0.599558902600101
DOGE,XLM,0.5943059949078298
XRP,BNB,0.5930100821305861
LTC,INJ,0.5929306897121961
DOGE,BCH,0.5908819455773604
BNB,INJ,0.5890138491095033
UNI,INJ,0.5832448794315443
XRP,AAVE,0.57903774311939
SOL,BCH,0.5737773020275646
XRP,NEAR,0.571042236271856
BNB,BCH,0.5706377855092768
BTC,XLM,0.56582972975021
NEAR,XLM,0.562502834342997
AAVE,BCH,0.5609965043014361
XLM,AAVE,0.5582982177448589
BNB,XLM,0.556105318043238
SOL,XLM,0.5547076472667043
NEAR,BCH,0.5523581142269158
XRP,UNI,0.5462208295171938
ZEC,DOT,0.5434079309412201
XRP,INJ,0.540020761996994
XLM,INJ,0.5390067953632571
UNI,XLM,0.537560623796652
UNI,BCH,0.5356856517019892
XRP,BCH,0.5331712983841631
ZEC,LINK,0.5280166251306507
ZEC,ADA,0.511992314467701
XLM,BCH,0.509670287142084
INJ,BCH,0.5083437821916406
ETH,ZEC,0.5078727359416557
ZEC,NEAR,0.5071977424572789
ZEC,AVAX,0.5067869708305189
ZEC,LTC,0.5051306845959274
ZEC,DOGE,0.4843125987342266
ZEC,BNB,0.48248157293735083
BTC,ZEC,0.47995469996836776
ZEC,AAVE,0.4791455979719978
SOL,ZEC,0.4780503197717842
TRX,DOT,0.4690659117937825
ZEC,UNI,0.4621044535457496
ZEC,INJ,0.4604545918192942
ADA,TRX,0.45916737214066755
XRP,ZEC,0.4560544090061945
LINK,TRX,0.4534926514812259
ZEC,XLM,0.4506553374291588
ETH,TRX,0.4480368577143363
LTC,TRX,0.44561580337558265
BNB,TRX,0.44512189762331517
AVAX,TRX,0.44382570293195817
ZEC,BCH,0.4358462965669609
XRP,TRX,0.4346471617326771
BTC,TRX,0.431267720697224
DOGE,TRX,0.42585105150245833
AAVE,TRX,0.4219336373605255
SOL,TRX,0.4190729730593691
NEAR,TRX,0.4122797338670156
TRX,BCH,0.406776095525108
XLM,TRX,0.40435640359991964
UNI,TRX,0.4005189067632071
INJ,TRX,0.38643020642492193
DOT,XMR,0.3774054090289656
LINK,XMR,0.372229256903761
ETH,XMR,0.3715962772325448
BTC,XMR,0.3701612559394751
AVAX,XMR,0.36362251844196786
LTC,XMR,0.3604405677079982
DOGE,XMR,0.3565367314784168
ADA,XMR,0.35555600383568653
BNB,XMR,0.3555334404501533
SOL,XMR,0.3486076111947262
AAVE,XMR,0.34857772810083265
NEAR,XMR,0.33870328645627357
UNI,XMR,0.3343208243529159
XRP,XMR,0.32736843999951853
ZEC,TRX,0.32425404504342126
INJ,XMR,0.3221351640670266
ZEC,XMR,0.3129257267798202
XLM,XMR,0.31007278118251047
BCH,XMR,0.30893361384684015
TRX,XMR,0.27109852901612186
